inf,hint,hint-rules,use-eng-defs,eng-inf,eng-gerund,eng-1,eng-3,eng-p,eng-past,eng-past-perf,gerund,participle,present-1s,present-2s,present-3s,present-1p,present-2p,present-3p,imperfect-1s,imperfect-2s,imperfect-3s,imperfect-1p,imperfect-2p,imperfect-3p,perfect-1s,perfect-2s,perfect-3s,perfect-1p,perfect-2p,perfect-3p,future-1s,future-2s,future-3s,future-1p,future-2p,future-3p,futcond-1s,futcond-2s,futcond-3s,futcond-1p,futcond-2p,futcond-3p,imp1-2s,imp1-3s,imp1-1p,imp1-2p,imp1-3p,imp0-2s,imp0-3s,imp0-1p,imp0-2p,imp0-3p
poder,,,,be able,able,can,can,,was able,been able,podendo,podido,posso,podes,pode,podemos,podeis,podem,podia,podias,podia,podíamos,podíeis,podiam,pude,pudeste,pôde,pudemos,pudestes,puderam,poderei,poderás,poderá,poderemos,podereis,poderão,poderia,poderias,poderia,poderíamos,poderíeis,poderiam,-,-,-,-,-,-,-,-,-,-
estar,as a temp. state or condition,from-eng,,be,being,am,is,are,was,been,estando,estado,estou,estás,está,estamos,estais,estão,estava,estavas,estava,estávamos,estáveis,estavam,estive,estiveste,esteve,estivemos,estivestes,estiveram,estarei,estarás,estará,estaremos,estareis,estarão,estaria,estarias,estaria,estaríamos,estaríeis,estariam,está,esteja,estejamos,estai,estejam,estejas,esteja,estejamos,estejais,estejam
ser,"simple, essence",from-eng,,be,being,am,is,are,was,been,sendo,sido,sou,és,é,somos,sois,são,era,eras,era,éramos,éreis,eram,fui,foste,foi,fomos,fostes,foram,serei,serás,será,seremos,sereis,serão,seria,serias,seria,seríamos,seríeis,seriam,sê,seja,sejamos,sede,sejam,sejas,seja,sejamos,sejais,sejam
ficar,location,from-eng;first-def,,be/stay/become,being/staying/becoming,am/stay/become,is/stays/becomes,are/stay/become,was/stayed/became,been/stayed/become,ficando,ficado,fico,ficas,fica,ficamos,ficais,ficam,ficava,ficavas,ficava,ficávamos,ficáveis,ficavam,fiquei,ficaste,ficou,ficámos,ficastes,ficaram,ficarei,ficarás,ficará,ficaremos,ficareis,ficarão,ficaria,ficarias,ficaria,ficaríamos,ficaríeis,ficariam,fica,fique,fiquemos,ficai,fiquem,fiques,fique,fiquemos,fiqueis,fiquem
ter,owns,from-eng,,,,have,has,,had,,tendo,tido,tenho,tens,tem,temos,tendes,têm,tinha,tinhas,tinha,tínhamos,tínheis,tinham,tive,tiveste,teve,tivemos,tivestes,tiveram,terei,terás,terá,teremos,tereis,terão,teria,terias,teria,teríamos,teríeis,teriam,tem,tenha,tenhamos,tende,tenham,tenhas,tenha,tenhamos,tenhais,tenham
haver,presence,from-eng,,,,have,has,,had,,havendo,havido,hei,hás,há,havemos,haveis,hão,havia,havias,havia,havíamos,havíeis,haviam,houve,houveste,houve,houvemos,houvestes,houveram,haverei,haverás,haverá,haveremos,havereis,haverão,haveria,haverias,haveria,haveríamos,haveríeis,haveriam,-,haja,hajamos,havei,hajam,hajas,haja,hajamos,hajais,hajam
fazer,,,,,,make/do,makes/does,,made/did,made/done,fazendo,feito,faço,fazes,faz,fazemos,fazeis,fazem,fazia,fazias,fazia,fazíamos,fazíeis,faziam,fiz,fizeste,fez,fizemos,fizestes,fizeram,farei,farás,fará,faremos,fareis,farão,faria,farias,faria,faríamos,faríeis,fariam,faz/faze,faça,façamos,fazei,façam,faças,faça,façamos,façais,façam
aparecer,,,,,,appear,,,,,aparecendo,aparecido,apareço,apareces,aparece,aparecemos,apareceis,aparecem,aparecia,aparecias,aparecia,aparecíamos,aparecíeis,apareciam,apareci,apareceste,apareceu,aparecemos,aparecestes,apareceram,aparecerei,aparecerás,aparecerá,apareceremos,aparecereis,aparecerão,apareceria,aparecerias,apareceria,apareceríamos,apareceríeis,apareceriam,aparece,apareça,apareçamos,aparecei,apareçam,apareças,apareça,apareçamos,apareçais,apareçam
parecer,,,2,,,seem/look/appear,,,,,parecendo,parecido,pareço,pareces,parece,parecemos,pareceis,parecem,parecia,parecias,parecia,parecíamos,parecíeis,pareciam,pareci,pareceste,pareceu,parecemos,parecestes,pareceram,parecerei,parecerás,parecerá,pareceremos,parecereis,parecerão,pareceria,parecerias,pareceria,pareceríamos,pareceríeis,pareceriam,parece,pareça,pareçamos,parecei,pareçam,pareças,pareça,pareçamos,pareçais,pareçam
criar,create,from-eng;first-def,,,,make/create/build,,,made/created/built,,criando,criado,crio,crias,cria,criamos,criais,criam,criava,criavas,criava,criávamos,criáveis,criavam,criei,criaste,criou,criámos,criastes,criaram,criarei,criarás,criará,criaremos,criareis,criarão,criaria,criarias,criaria,criaríamos,criaríeis,criariam,cria,crie,criemos,criai,criem,cries,crie,criemos,crieis,criem
produzir,produce,from-eng;first-def,,,,make/produce/manufacture,,,made/produced/manufactured,,produzindo,produzido,produzo,produzes,produz,produzimos,produzis,produzem,produzia,produzias,produzia,produzíamos,produzíeis,produziam,produzi,produziste,produziu,produzimos,produzistes,produziram,produzirei,produzirás,produzirá,produziremos,produzireis,produzirão,produziria,produzirias,produziria,produziríamos,produziríeis,produziriam,produze,produza,produzamos,produzi,produzam,produzas,produza,produzamos,produzais,produzam
usar,,,,,,use,,,,,usando,usado,uso,usas,usa,usamos,usais,usam,usava,usavas,usava,usávamos,usáveis,usavam,usei,usaste,usou,usámos,usastes,usaram,usarei,usarás,usará,usaremos,usareis,usarão,usaria,usarias,usaria,usaríamos,usaríeis,usariam,usa,use,usemos,usai,usem,uses,use,usemos,useis,usem
beber,,,,,,drink,,,drank,drunk,bebendo,bebido,bebo,bebes,bebe,bebemos,bebeis,bebem,bebia,bebias,bebia,bebíamos,bebíeis,bebiam,bebi,bebeste,bebeu,bebemos,bebestes,beberam,beberei,beberás,beberá,beberemos,bebereis,beberão,beberia,beberias,beberia,beberíamos,beberíeis,beberiam,bebe,beba,bebamos,bebei,bebam,bebas,beba,bebamos,bebais,bebam
tomar,consume or utilize,from-eng;first-def,1,,,take/use/drink,takes/uses/drinks,,took/used/drank,taken/used/drunk,tomando,tomado,tomo,tomas,toma,tomamos,tomais,tomam,tomava,tomavas,tomava,tomávamos,tomáveis,tomavam,tomei,tomaste,tomou,tomámos,tomastes,tomaram,tomarei,tomarás,tomará,tomaremos,tomareis,tomarão,tomaria,tomarias,tomaria,tomaríamos,tomaríeis,tomariam,toma,tome,tomemos,tomai,tomem,tomes,tome,tomemos,tomeis,tomem
pegar,obtain,from-eng,,,,take,,,took,taken,pegando,pegado,pego,pegas,pega,pegamos,pegais,pegam,pegava,pegavas,pegava,pegávamos,pegáveis,pegavam,peguei,pegaste,pegou,pegámos,pegastes,pegaram,pegarei,pegarás,pegará,pegaremos,pegareis,pegarão,pegaria,pegarias,pegaria,pegaríamos,pegaríeis,pegariam,pega,pegue,peguemos,pegai,peguem,pegues,pegue,peguemos,pegueis,peguem
trazer,to present location,from-eng,1,,,take/bring,,,took/brought,taken/brought,trazendo,trazido,trago,trazes,traz,trazemos,trazeis,trazem,trazia,trazias,trazia,trazíamos,trazíeis,traziam,trouxe,trouxeste,trouxe,trouxemos,trouxestes,trouxeram,trarei,trarás,trará,traremos,trareis,trarão,traria,trarias,traria,traríamos,traríeis,trariam,traz/traze,traga,tragamos,trazei,tragam,tragas,traga,tragamos,tragais,tragam
levar,from present location,from-eng,1,,,bring/take,,,brought/took,brought/taken,levando,levado,levo,levas,leva,levamos,levais,levam,levava,levavas,levava,levávamos,leváveis,levavam,levei,levaste,levou,levámos,levastes,levaram,levarei,levarás,levará,levaremos,levareis,levarão,levaria,levarias,levaria,levaríamos,levaríeis,levariam,leva,leve,levemos,levai,levem,leves,leve,levemos,leveis,levem
entender,,,,,,understand,,,understood,,entendendo,entendido,entendo,entendes,entende,entendemos,entendeis,entendem,entendia,entendias,entendia,entendíamos,entendíeis,entendiam,entendi,entendeste,entendeu,entendemos,entendestes,entenderam,entenderei,entenderás,entenderá,entenderemos,entendereis,entenderão,entenderia,entenderias,entenderia,entenderíamos,entenderíeis,entenderiam,entende,entenda,entendamos,entendei,entendam,entendas,entenda,entendamos,entendais,entendam
saber,as a fact,from-eng,,,,know,,,knew,known,sabendo,sabido,sei,sabes,sabe,sabemos,sabeis,sabem,sabia,sabias,sabia,sabíamos,sabíeis,sabiam,soube,soubeste,soube,soubemos,soubestes,souberam,saberei,saberás,saberá,saberemos,sabereis,saberão,saberia,saberias,saberia,saberíamos,saberíeis,saberiam,sabe,saiba,saibamos,sabei,saibam,saibas,saiba,saibamos,saibais,saibam
conhecer,a person/place/thing,from-eng;first-def,,,,know/meet,,,knew/met,known/met,conhecendo,conhecido,conheço,conheces,conhece,conhecemos,conheceis,conhecem,conhecia,conhecias,conhecia,conhecíamos,conhecíeis,conheciam,conheci,conheceste,conheceu,conhecemos,conhecestes,conheceram,conhecerei,conhecerás,conhecerá,conheceremos,conhecereis,conhecerão,conheceria,conhecerias,conheceria,conheceríamos,conheceríeis,conheceriam,conhece,conheça,conheçamos,conhecei,conheçam,conheças,conheça,conheçamos,conheçais,conheçam
pensar,as a fact,from-eng,,,,think,,,thought,,pensando,pensado,penso,pensas,pensa,pensamos,pensais,pensam,pensava,pensavas,pensava,pensávamos,pensáveis,pensavam,pensei,pensaste,pensou,pensámos,pensastes,pensaram,pensarei,pensarás,pensará,pensaremos,pensareis,pensarão,pensaria,pensarias,pensaria,pensaríamos,pensaríeis,pensariam,pensa,pense,pensemos,pensai,pensem,penses,pense,pensemos,penseis,pensem
achar,as a guess,from-eng;first-def,,,,think/guess/find,thinks/guesses/find,,thought/guessed/found,,achando,achado,acho,achas,acha,achamos,achais,acham,achava,achavas,achava,achávamos,acháveis,achavam,achei,achaste,achou,achámos,achastes,acharam,acharei,acharás,achará,acharemos,achareis,acharão,acharia,acharias,acharia,acharíamos,acharíeis,achariam,acha,ache,achemos,achai,achem,aches,ache,achemos,acheis,achem
encontrar,,,,,,find,,,found,,encontrando,encontrado,encontro,encontras,encontra,encontramos,encontrais,encontram,encontrava,encontravas,encontrava,encontrávamos,encontráveis,encontravam,encontrei,encontraste,encontrou,encontrámos,encontrastes,encontraram,encontrarei,encontrarás,encontrará,encontraremos,encontrareis,encontrarão,encontraria,encontrarias,encontraria,encontraríamos,encontraríeis,encontrariam,encontra,encontre,encontremos,encontrai,encontrem,encontres,encontre,encontremos,encontreis,encontrem
falar,,,,,,speak/talk,,,spoke/talked,spoken/talked,falando,falado,falo,falas,fala,falamos,falais,falam,falava,falavas,falava,falávamos,faláveis,falavam,falei,falaste,falou,falámos,falastes,falaram,falarei,falarás,falará,falaremos,falareis,falarão,falaria,falarias,falaria,falaríamos,falaríeis,falariam,fala,fale,falemos,falai,falem,fales,fale,falemos,faleis,falem
dizer,,,,,,say/tell,,,said/told,,dizendo,dito,digo,dizes,diz,dizemos,dizeis,dizem,dizia,dizias,dizia,dizíamos,dizíeis,diziam,disse,disseste,disse,dissemos,dissestes,disseram,direi,dirás,dirá,diremos,direis,dirão,diria,dirias,diria,diríamos,diríeis,diriam,diz/dize,diga,digamos,dizei,digam,digas,diga,digamos,digais,digam
conversar,,,,,,converse/talk,,,,,conversando,conversado,converso,conversas,conversa,conversamos,conversais,conversam,conversava,conversavas,conversava,conversávamos,conversáveis,conversavam,conversei,conversaste,conversou,conversámos,conversastes,conversaram,conversarei,conversarás,conversará,conversaremos,conversareis,conversarão,conversaria,conversarias,conversaria,conversaríamos,conversaríeis,conversariam,conversa,converse,conversemos,conversai,conversem,converses,converse,conversemos,converseis,conversem
perguntar,a question,from-eng;first-def,,,,ask/question,,,,,perguntando,perguntado,pergunto,perguntas,pergunta,perguntamos,perguntais,perguntam,perguntava,perguntavas,perguntava,perguntávamos,perguntáveis,perguntavam,perguntei,perguntaste,perguntou,perguntámos,perguntastes,perguntaram,perguntarei,perguntarás,perguntará,perguntaremos,perguntareis,perguntarão,perguntaria,perguntarias,perguntaria,perguntaríamos,perguntaríeis,perguntariam,pergunta,pergunte,perguntemos,perguntai,perguntem,perguntes,pergunte,perguntemos,pergunteis,perguntem
pedir,for something,from-eng;first-def,,,,ask/order,,,,,pedindo,pedido,peço,pedes,pede,pedimos,pedis,pedem,pedia,pedias,pedia,pedíamos,pedíeis,pediam,pedi,pediste,pediu,pedimos,pedistes,pediram,pedirei,pedirás,pedirá,pediremos,pedireis,pedirão,pediria,pedirias,pediria,pediríamos,pediríeis,pediriam,pede,peça,peçamos,pedi,peçam,peças,peça,peçamos,peçais,peçam
chegar,,,,,,arrive,,,,,chegando,chegado,chego,chegas,chega,chegamos,chegais,chegam,chegava,chegavas,chegava,chegávamos,chegáveis,chegavam,cheguei,chegaste,chegou,chegámos,chegastes,chegaram,chegarei,chegarás,chegará,chegaremos,chegareis,chegarão,chegaria,chegarias,chegaria,chegaríamos,chegaríeis,chegariam,chega,chegue,cheguemos,chegai,cheguem,chegues,chegue,cheguemos,chegueis,cheguem
vir,,,,,,come,,,came,come,vindo,vindo,venho,vens,vem,vimos,vindes,vêm,vinha,vinhas,vinha,vínhamos,vínheis,vinham,vim,vieste,veio,viemos,viestes,vieram,virei,virás,virá,viremos,vireis,virão,viria,virias,viria,viríamos,viríeis,viriam,vem,venha,venhamos,vinde,venham,venhas,venha,venhamos,venhais,venham
voltar,,,,,,come back/return,,,came back/returned,come back/returned,voltando,voltado,volto,voltas,volta,voltamos,voltais,voltam,voltava,voltavas,voltava,voltávamos,voltáveis,voltavam,voltei,voltaste,voltou,voltámos,voltastes,voltaram,voltarei,voltarás,voltará,voltaremos,voltareis,voltarão,voltaria,voltarias,voltaria,voltaríamos,voltaríeis,voltariam,volta,volte,voltemos,voltai,voltem,voltes,volte,voltemos,volteis,voltem
ir,,,,,,go,goes,,went,gone,indo,ido,vou,vais,vai,vamos,ides,vão,ia,ias,ia,íamos,íeis,iam,fui,foste,foi,fomos,fostes,foram,irei,irás,irá,iremos,ireis,irão,iria,irias,iria,iríamos,iríeis,iriam,vai,vá,vamos,ide,vão,vás,vá,vamos,vades,vão
partir,leave,from-eng;first-def,,,,go/leave/depart,goes/leaves/departs,,went/left/departed,gone/left/departed,partindo,partido,parto,partes,parte,partimos,partis,partem,partia,partias,partia,partíamos,partíeis,partiam,parti,partiste,partiu,partimos,partistes,partiram,partirei,partirás,partirá,partiremos,partireis,partirão,partiria,partirias,partiria,partiríamos,partiríeis,partiriam,parte,parta,partamos,parti,partam,partas,parta,partamos,partais,partam
sair,outward,from-eng;first-def,,,,leave/go out,leaves/goes out,,left/went out,left/gone out,saindo,saído,saio,sais,sai,saímos,saís,saem,saía,saías,saía,saíamos,saíeis,saíam,saí,saíste,saiu,saímos,saístes,saíram,sairei,sairás,sairá,sairemos,saireis,sairão,sairia,sairias,sairia,sairíamos,sairíeis,sairiam,sai,saia,saiamos,saí,saiam,saias,saia,saiamos,saiais,saiam
deixar,behind,from-eng;first-def,,,leaving/letting/allowing,leave/let/allow,,,left/let/allowed,,deixando,deixado,deixo,deixas,deixa,deixamos,deixais,deixam,deixava,deixavas,deixava,deixávamos,deixáveis,deixavam,deixei,deixaste,deixou,deixámos,deixastes,deixaram,deixarei,deixarás,deixará,deixaremos,deixareis,deixarão,deixaria,deixarias,deixaria,deixaríamos,deixaríeis,deixariam,deixa,deixe,deixemos,deixai,deixem,deixes,deixe,deixemos,deixeis,deixem
ver,,,,,,see/look at/watch,sees/looks at/watches,,saw/looked at/watched,seen/looked at/watched,vendo,visto,vejo,vês,vê,vemos,vedes,veem,via,vias,via,víamos,víeis,viam,vi,viste,viu,vimos,vistes,viram,verei,verás,verá,veremos,vereis,verão,veria,verias,veria,veríamos,veríeis,veriam,vê,veja,vejamos,vede,vejam,vejas,veja,vejamos,vejais,vejam
olhar,,,,,,see/look at,,,saw/looked at,seen/looked at,olhando,olhado,olho,olhas,olha,olhamos,olhais,olham,olhava,olhavas,olhava,olhávamos,olháveis,olhavam,olhei,olhaste,olhou,olhámos,olhastes,olharam,olharei,olharás,olhará,olharemos,olhareis,olharão,olharia,olharias,olharia,olharíamos,olharíeis,olhariam,olha,olhe,olhemos,olhai,olhem,olhes,olhe,olhemos,olheis,olhem
ouvir,,,,,,hear/listen,,,heard/listened,,ouvindo,ouvido,ouço,ouves,ouve,ouvimos,ouvis,ouvem,ouvia,ouvias,ouvia,ouvíamos,ouvíeis,ouviam,ouvi,ouviste,ouviu,ouvimos,ouvistes,ouviram,ouvirei,ouvirás,ouvirá,ouviremos,ouvireis,ouvirão,ouviria,ouvirias,ouviria,ouviríamos,ouviríeis,ouviriam,ouve,ouça,ouçamos,ouçais,ouçam,ouças,ouça,ouçamos,ouçais,ouçam
escutar,,,,,,listen/hear,,,listened/heard,,escutando,escutado,escuto,escutas,escuta,escutamos,escutais,escutam,escutava,escutavas,escutava,escutávamos,escutáveis,escutavam,escutei,escutaste,escutou,escutámos,escutastes,escutaram,escutarei,escutarás,escutará,escutaremos,escutareis,escutarão,escutaria,escutarias,escutaria,escutaríamos,escutaríeis,escutariam,escuta,escute,escutemos,escutai,escutem,escutes,escute,escutemos,escuteis,escutem
andar,to get somewhere,from-eng,,,,walk,,,,,andando,andado,ando,andas,anda,andamos,andais,andam,andava,andavas,andava,andávamos,andáveis,andavam,andei,andaste,andou,andámos,andastes,andaram,andarei,andarás,andará,andaremos,andareis,andarão,andaria,andarias,andaria,andaríamos,andaríeis,andariam,anda,ande,andemos,andai,andem,andes,ande,andemos,andeis,andem
caminhar,to walk/exercise,from-eng;first-def,,,,walk/hike,,,,,caminhando,caminhado,caminho,caminhas,caminha,caminhamos,caminhais,caminham,caminhava,caminhavas,caminhava,caminhávamos,caminháveis,caminhavam,caminhei,caminhaste,caminhou,caminhámos,caminhastes,caminharam,caminharei,caminharás,caminhará,caminharemos,caminhareis,caminharão,caminharia,caminharias,caminharia,caminharíamos,caminharíeis,caminhariam,caminha,caminhe,caminhemos,caminhai,caminhem,caminhes,caminhe,caminhemos,caminheis,caminhem
pôr,,,,,putting/setting,put/set,,,put/set,,pondo,posto,ponho,pões,põe,pomos,pondes,põem,punha,punhas,punha,púnhamos,púnheis,punham,pus,puseste,pôs,pusemos,pusestes,puseram,porei,porás,porá,poremos,poreis,porão,poria,porias,poria,poríamos,poríeis,poriam,põe,ponha,ponhamos,ponde,ponham,ponhas,ponha,ponhamos,ponhais,ponham
colocar,clothing,from-eng;second-def,1,,placing/putting,place/put on/put,,,placed/put on/put,,colocando,colocado,coloco,colocas,coloca,colocamos,colocais,colocam,colocava,colocavas,colocava,colocávamos,colocáveis,colocavam,coloquei,colocaste,colocou,colocámos,colocastes,colocaram,colocarei,colocarás,colocará,colocaremos,colocareis,colocarão,colocaria,colocarias,colocaria,colocaríamos,colocaríeis,colocariam,coloca,coloque,coloquemos,colocai,coloquem,coloques,coloque,coloquemos,coloqueis,coloquem
botar,???,from-eng,,,,wear,,,wore,worn,botando,botado,boto,botas,bota,botamos,botais,botam,botava,botavas,botava,botávamos,botáveis,botavam,botei,botaste,botou,botámos,botastes,botaram,botarei,botarás,botará,botaremos,botareis,botarão,botaria,botarias,botaria,botaríamos,botaríeis,botariam,bota,bote,botemos,botai,botem,botes,bote,botemos,boteis,botem
calçar,shoes or gloves,from-eng,,,,wear,,,wore,worn,calçando,calçado,calço,calças,calça,calçamos,calçais,calçam,calçava,calçavas,calçava,calçávamos,calçáveis,calçavam,calcei,calçaste,calçou,calçámos,calçastes,calçaram,calçarei,calçarás,calçará,calçaremos,calçareis,calçarão,calçaria,calçarias,calçaria,calçaríamos,calçaríeis,calçariam,calça,calce,calcemos,calçai,calcem,calces,calce,calcemos,calceis,calcem
vestir,general clothes,from-eng,,,,wear,,,wore,worn,vestindo,vestido,visto,vestes,veste,vestimos,vestis,vestem,vestia,vestias,vestia,vestíamos,vestíeis,vestiam,vesti,vestiste,vestiu,vestimos,vestistes,vestiram,vestirei,vestirás,vestirá,vestiremos,vestireis,vestirão,vestiria,vestirias,vestiria,vestiríamos,vestiríeis,vestiriam,veste,vista,vistamos,vesti,vistam,vistas,vista,vistamos,vistais,vistam
tirar,,,,,,take off,,,took off,taken off,tirando,tirado,tiro,tiras,tira,tiramos,tirais,tiram,tirava,tiravas,tirava,tirávamos,tiráveis,tiravam,tirei,tiraste,tirou,tirámos,tirastes,tiraram,tirarei,tirarás,tirará,tiraremos,tirareis,tirarão,tiraria,tirarias,tiraria,tiraríamos,tiraríeis,tirariam,tira,tire,tiremos,tirai,tirem,tires,tire,tiremos,tireis,tirem
lavar,,,,,,wash,washes,,,,lavando,lavado,lavo,lavas,lava,lavamos,lavais,lavam,lavava,lavavas,lavava,lavávamos,laváveis,lavavam,lavei,lavaste,lavou,lavámos,lavastes,lavaram,lavarei,lavarás,lavará,lavaremos,lavareis,lavarão,lavaria,lavarias,lavaria,lavaríamos,lavaríeis,lavariam,lava,lave,lavemos,lavai,lavem,laves,lave,lavemos,laveis,lavem
limpar,,,1,,,clean/wash,cleans/washes,,,,limpando,limpado,limpo,limpas,limpa,limpamos,limpais,limpam,limpava,limpavas,limpava,limpávamos,limpáveis,limpavam,limpei,limpaste,limpou,limpámos,limpastes,limparam,limparei,limparás,limpará,limparemos,limpareis,limparão,limparia,limparias,limparia,limparíamos,limparíeis,limpariam,limpa,limpe,limpemos,limpai,limpem,limpes,limpe,limpemos,limpeis,limpem
ajudar,,,,,,help,,,,,ajudando,ajudado,ajudo,ajudas,ajuda,ajudamos,ajudais,ajudam,ajudava,ajudavas,ajudava,ajudávamos,ajudáveis,ajudavam,ajudei,ajudaste,ajudou,ajudámos,ajudastes,ajudaram,ajudarei,ajudarás,ajudará,ajudaremos,ajudareis,ajudarão,ajudaria,ajudarias,ajudaria,ajudaríamos,ajudaríeis,ajudariam,ajuda,ajude,ajudemos,ajudai,ajudem,ajudes,ajude,ajudemos,ajudeis,ajudem
cuidar,,,,,,take care of,,,took care of,taken care of,cuidando,cuidado,cuido,cuidas,cuida,cuidamos,cuidais,cuidam,cuidava,cuidavas,cuidava,cuidávamos,cuidáveis,cuidavam,cuidei,cuidaste,cuidou,cuidámos,cuidastes,cuidaram,cuidarei,cuidarás,cuidará,cuidaremos,cuidareis,cuidarão,cuidaria,cuidarias,cuidaria,cuidaríamos,cuidaríeis,cuidariam,cuida,cuide,cuidemos,cuidai,cuidem,cuides,cuide,cuidemos,cuideis,cuidem
amar,,,,,,love,,,,,amando,amado,amo,amas,ama,amamos,amais,amam,amava,amavas,amava,amávamos,amáveis,amavam,amei,amaste,amou,amámos,amastes,amaram,amarei,amarás,amará,amaremos,amareis,amarão,amaria,amarias,amaria,amaríamos,amaríeis,amariam,ama,ame,amemos,amai,amem,ames,ame,amemos,ameis,amem
adorar,,,1,,,adore/love,,,,,adorando,adorado,adoro,adoras,adora,adoramos,adorais,adoram,adorava,adoravas,adorava,adorávamos,adoráveis,adoravam,adorei,adoraste,adorou,adorámos,adorastes,adoraram,adorarei,adorarás,adorará,adoraremos,adorareis,adorarão,adoraria,adorarias,adoraria,adoraríamos,adoraríeis,adorariam,adora,adore,adoremos,adorai,adorem,adores,adore,adoremos,adoreis,adorem
gostar,,,,,,like,,,,,gostando,gostado,gosto,gostas,gosta,gostamos,gostais,gostam,gostava,gostavas,gostava,gostávamos,gostáveis,gostavam,gostei,gostaste,gostou,gostámos,gostastes,gostaram,gostarei,gostarás,gostará,gostaremos,gostareis,gostarão,gostaria,gostarias,gostaria,gostaríamos,gostaríeis,gostariam,gosta,goste,gostemos,gostai,gostem,gostes,goste,gostemos,gosteis,gostem
precisar,,,,,,need,,,,,precisando,precisado,preciso,precisas,precisa,precisamos,precisais,precisam,precisava,precisavas,precisava,precisávamos,precisáveis,precisavam,precisei,precisaste,precisou,precisámos,precisastes,precisaram,precisarei,precisarás,precisará,precisaremos,precisareis,precisarão,precisaria,precisarias,precisaria,precisaríamos,precisaríeis,precisariam,precisa,precise,precisemos,precisai,precisem,precises,precise,precisemos,preciseis,precisem
mostrar,,,,,,show,,,,shown,mostrando,mostrado,mostro,mostras,mostra,mostramos,mostrais,mostram,mostrava,mostravas,mostrava,mostrávamos,mostráveis,mostravam,mostrei,mostraste,mostrou,mostrámos,mostrastes,mostraram,mostrarei,mostrarás,mostrará,mostraremos,mostrareis,mostrarão,mostraria,mostrarias,mostraria,mostraríamos,mostraríeis,mostrariam,mostra,mostre,mostremos,mostrai,mostrem,mostres,mostre,mostremos,mostreis,mostrem
tentar,,,,,,try/attempt,tries/attempts,,,,tentando,tentado,tento,tentas,tenta,tentamos,tentais,tentam,tentava,tentavas,tentava,tentávamos,tentáveis,tentavam,tentei,tentaste,tentou,tentámos,tentastes,tentaram,tentarei,tentarás,tentará,tentaremos,tentareis,tentarão,tentaria,tentarias,tentaria,tentaríamos,tentaríeis,tentariam,tenta,tente,tentemos,tentai,tentem,tentes,tente,tentemos,tenteis,tentem
provar,,,,,,prove/taste/try,proves/tastes/tries,,,,provando,provado,provo,provas,prova,provamos,provais,provam,provava,provavas,provava,provávamos,prováveis,provavam,provei,provaste,provou,provámos,provastes,provaram,provarei,provarás,provará,provaremos,provareis,provarão,provaria,provarias,provaria,provaríamos,provaríeis,provariam,prova,prove,provemos,provai,provem,proves,prove,provemos,proveis,provem
deitar,down,from-eng;first-def,,,lying/laying down,lie/lay down,,,lied/laid down,,deitando,deitado,deito,deitas,deita,deitamos,deitais,deitam,deitava,deitavas,deitava,deitávamos,deitáveis,deitavam,deitei,deitaste,deitou,deitámos,deitastes,deitaram,deitarei,deitarás,deitará,deitaremos,deitareis,deitarão,deitaria,deitarias,deitaria,deitaríamos,deitaríeis,deitariam,deita,deite,deitemos,deitai,deitem,deites,deite,deitemos,deiteis,deitem
mentir,tell,from-eng,,,lying,lie,,,,,mentindo,mentido,minto,mentes,mente,mentimos,mentis,mentem,mentia,mentias,mentia,mentíamos,mentíeis,mentiam,menti,mentiste,mentiu,mentimos,mentistes,mentiram,mentirei,mentirás,mentirá,mentiremos,mentireis,mentirão,mentiria,mentirias,mentiria,mentiríamos,mentiríeis,mentiriam,mente,minta,mintamos,menti,mintam,mintas,minta,mintamos,mintais,mintam
pagar,,,,,,pay,,,,,pagando,pagado,pago,pagas,paga,pagamos,pagais,pagam,pagava,pagavas,pagava,pagávamos,pagáveis,pagavam,paguei,pagaste,pagou,pagámos,pagastes,pagaram,pagarei,pagarás,pagará,pagaremos,pagareis,pagarão,pagaria,pagarias,pagaria,pagaríamos,pagaríeis,pagariam,paga,pague,paguemos,pagai,paguem,pagues,pague,paguemos,pagueis,paguem
esquecer,,,,,,forget,,,forgot,forgotten,esquecendo,esquecido,esqueço,esqueces,esquece,esquecemos,esqueceis,esquecem,esquecia,esquecias,esquecia,esquecíamos,esquecíeis,esqueciam,esqueci,esqueceste,esqueceu,esquecemos,esquecestes,esqueceram,esquecerei,esquecerás,esquecerá,esqueceremos,esquecereis,esquecerão,esqueceria,esquecerias,esqueceria,esqueceríamos,esqueceríeis,esqueceriam,esquece,esqueça,esqueçamos,esquecei,esqueçam,esqueças,esqueça,esqueçamos,esqueçais,esqueçam
decidir,,,,,,decide,,,,,decidindo,decidido,decido,decides,decide,decidimos,decidis,decidem,decidia,decidias,decidia,decidíamos,decidíeis,decidiam,decidi,decidiste,decidiu,decidimos,decidistes,decidiram,decidirei,decidirás,decidirá,decidiremos,decidireis,decidirão,decidiria,decidirias,decidiria,decidiríamos,decidiríeis,decidiriam,decide,decida,decidamos,decidi,decidam,decidas,decida,decidamos,decidais,decidam
medir,,,,,,measure,,,,,medindo,medido,meço,medes,mede,medimos,medis,medem,media,medias,media,medíamos,medíeis,mediam,medi,mediste,mediu,medimos,medistes,mediram,medirei,medirás,medirá,mediremos,medireis,medirão,mediria,medirias,mediria,mediríamos,mediríeis,mediriam,mede,meça,meçamos,medi,meçam,meças,meça,meçamos,meçais,meçam
vender,,,,,,sell,,,sold,,vendendo,vendido,vendo,vendes,vende,vendemos,vendeis,vendem,vendia,vendias,vendia,vendíamos,vendíeis,vendiam,vendi,vendeste,vendeu,vendemos,vendestes,venderam,venderei,venderás,venderá,venderemos,vendereis,venderão,venderia,venderias,venderia,venderíamos,venderíeis,venderiam,vende,venda,vendamos,vendei,vendam,vendas,venda,vendamos,vendais,vendam
correr,,,,,running,run,,,ran,run,correndo,corrido,corro,corres,corre,corremos,correis,correm,corria,corrias,corria,corríamos,corríeis,corriam,corri,correste,correu,corremos,correstes,correram,correrei,correrás,correrá,correremos,correreis,correrão,correria,correrias,correria,correríamos,correríeis,correriam,corre,corra,corramos,correi,corram,corras,corra,corramos,corrais,corram
comprar,,,,,,buy,,,bought,,comprando,comprado,compro,compras,compra,compramos,comprais,compram,comprava,compravas,comprava,comprávamos,compráveis,compravam,comprei,compraste,comprou,comprámos,comprastes,compraram,comprarei,comprarás,comprará,compraremos,comprareis,comprarão,compraria,comprarias,compraria,compraríamos,compraríeis,comprariam,compra,compre,compremos,comprai,comprem,compres,compre,compremos,compreis,comprem
terminar,,,,,,finish/end,finishes/ends,,,,terminando,terminado,termino,terminas,termina,terminamos,terminais,terminam,terminava,terminavas,terminava,terminávamos,termináveis,terminavam,terminei,terminaste,terminou,terminámos,terminastes,terminaram,terminarei,terminarás,terminará,terminaremos,terminareis,terminarão,terminaria,terminarias,terminaria,terminaríamos,terminaríeis,terminariam,termina,termine,terminemos,terminai,terminem,termines,termine,terminemos,termineis,terminem
acabar,,,,,,end/finish,ends/finishes,,,,acabando,acabado,acabo,acabas,acaba,acabamos,acabais,acabam,acabava,acabavas,acabava,acabávamos,acabáveis,acabavam,acabei,acabaste,acabou,acabámos,acabastes,acabaram,acabarei,acabarás,acabará,acabaremos,acabareis,acabarão,acabaria,acabarias,acabaria,acabaríamos,acabaríeis,acabariam,acaba,acabe,acabemos,acabai,acabem,acabes,acabe,acabemos,acabeis,acabem
trabalhar,,,,,,work,,,,,trabalhando,trabalhado,trabalho,trabalhas,trabalha,trabalhamos,trabalhais,trabalham,trabalhava,trabalhavas,trabalhava,trabalhávamos,trabalháveis,trabalhavam,trabalhei,trabalhaste,trabalhou,trabalhámos,trabalhastes,trabalharam,trabalharei,trabalharás,trabalhará,trabalharemos,trabalhareis,trabalharão,trabalharia,trabalharias,trabalharia,trabalharíamos,trabalharíeis,trabalhariam,trabalha,trabalhe,trabalhemos,trabalhai,trabalhem,trabalhes,trabalhe,trabalhemos,trabalheis,trabalhem
começar,,,,,,begin/start,,,began/started,begun/started,começando,começado,começo,começas,começa,começamos,começais,começam,começava,começavas,começava,começávamos,começáveis,começavam,comecei,começaste,começou,começámos,começastes,começaram,começarei,começarás,começará,começaremos,começareis,começarão,começaria,começarias,começaria,começaríamos,começaríeis,começariam,começa,comece,comecemos,começai,comecem,comeces,comece,comecemos,comeceis,comecem
dar,,,,,,give,,,gave,given,dando,dado,dou,dás,dá,damos,dais,dão,dava,davas,dava,dávamos,dáveis,davam,dei,deste,deu,demos,destes,deram,darei,darás,dará,daremos,dareis,darão,daria,darias,daria,daríamos,daríeis,dariam,dá,dê,demos,dai,deem,dês,dê,demos,deis,deem
cair,,,,,,fall,,,fell,fallen,caindo,caído,caio,cais,cai,caímos,caís,caem,caía,caías,caía,caíamos,caíeis,caíam,caí,caíste,caiu,caímos,caístes,caíram,cairei,cairás,cairá,cairemos,caireis,cairão,cairia,cairias,cairia,cairíamos,cairíeis,cairiam,cai,caia,caiamos,caí,caiam,caias,caia,caiamos,caiais,caiam
jogar,,,,,,play,,,,,jogando,jogado,jogo,jogas,joga,jogamos,jogais,jogam,jogava,jogavas,jogava,jogávamos,jogáveis,jogavam,joguei,jogaste,jogou,jogámos,jogastes,jogaram,jogarei,jogarás,jogará,jogaremos,jogareis,jogarão,jogaria,jogarias,jogaria,jogaríamos,jogaríeis,jogariam,joga,jogue,joguemos,jogai,joguem,jogues,jogue,joguemos,jogueis,joguem
ganhar,or be gifted,from-eng,,,winning,win/gain,,won/gained,,,ganhando,ganhado,ganho,ganhas,ganha,ganhamos,ganhais,ganham,ganhava,ganhavas,ganhava,ganhávamos,ganháveis,ganhavam,ganhei,ganhaste,ganhou,ganhámos,ganhastes,ganharam,ganharei,ganharás,ganhará,ganharemos,ganhareis,ganharão,ganharia,ganharias,ganharia,ganharíamos,ganharíeis,ganhariam,ganha,ganhe,ganhemos,ganhai,ganhem,ganhes,ganhe,ganhemos,ganheis,ganhem
perder,,,,,,lose/misplace,,,lost/misplaced,,perdendo,perdido,perco,perdes,perde,perdemos,perdeis,perdem,perdia,perdias,perdia,perdíamos,perdíeis,perdiam,perdi,perdeste,perdeu,perdemos,perdestes,perderam,perderei,perderás,perderá,perderemos,perdereis,perderão,perderia,perderias,perderia,perderíamos,perderíeis,perderiam,perde,perca,percamos,perdei,percam,percas,perca,percamos,percais,percam
dormir,,,,,,sleep,,,slept,,dormindo,dormido,durmo,dormes,dorme,dormimos,dormis,dormem,dormia,dormias,dormia,dormíamos,dormíeis,dormiam,dormi,dormiste,dormiu,dormimos,dormistes,dormiram,dormirei,dormirás,dormirá,dormiremos,dormireis,dormirão,dormiria,dormirias,dormiria,dormiríamos,dormiríeis,dormiriam,dorme,durma,durmamos,dormi,durmam,durmas,durma,durmamos,durmais,durmam
tocar,,,,,,touch,touches,,,,tocando,tocado,toco,tocas,toca,tocamos,tocais,tocam,tocava,tocavas,tocava,tocávamos,tocáveis,tocavam,toquei,tocaste,tocou,tocámos,tocastes,tocaram,tocarei,tocarás,tocará,tocaremos,tocareis,tocarão,tocaria,tocarias,tocaria,tocaríamos,tocaríeis,tocariam,toca,toque,toquemos,tocai,toquem,toques,toque,toquemos,toqueis,toquem
errar,,,,,,err,,,,,errando,errado,erro,erras,erra,erramos,errais,erram,errava,erravas,errava,errávamos,erráveis,erravam,errei,erraste,errou,errámos,errastes,erraram,errarei,errarás,errará,erraremos,errareis,errarão,erraria,errarias,erraria,erraríamos,erraríeis,errariam,erra,erre,erremos,errai,errem,erres,erre,erremos,erreis,errem
abrir,,,,,,open,,,,,abrindo,aberto,abro,abres,abre,abrimos,abris,abrem,abria,abrias,abria,abríamos,abríeis,abriam,abri,abriste,abriu,abrimos,abristes,abriram,abrirei,abrirás,abrirá,abriremos,abrireis,abrirão,abriria,abririas,abriria,abriríamos,abriríeis,abririam,abre,abra,abramos,abri,abram,abras,abra,abramos,abrais,abram
aceitar,,,2,,,accept/agree/take,,,accepted/agreed/took,accepted/agreed/taken,aceitando,aceitado/aceito,aceito,aceitas,aceita,aceitamos,aceitais,aceitam,aceitava,aceitavas,aceitava,aceitávamos,aceitáveis,aceitavam,aceitei,aceitaste,aceitou,aceitámos,aceitastes,aceitaram,aceitarei,aceitarás,aceitará,aceitaremos,aceitareis,aceitarão,aceitaria,aceitarias,aceitaria,aceitaríamos,aceitaríeis,aceitariam,aceita,aceite,aceitemos,aceitai,aceitem,aceites,aceite,aceitemos,aceiteis,aceitem
doer,,,1,,,ache/hurt,,,ached/hurt,,doendo,doído,doo,dóis,dói,doemos,doeis,doem,doía,doías,doía,doíamos,doíeis,doíam,doí,doeste,doeu,doemos,doestes,doeram,doerei,doerás,doerá,doeremos,doereis,doerão,doeria,doerias,doeria,doeríamos,doeríeis,doeriam,dói,doa,doamos,doei,doam,doas,doa,doamos,doais,doam
cozinhar,,,,,,cook,,,,,cozinhando,cozinhado,cozinho,cozinhas,cozinha,cozinhamos,cozinhais,cozinham,cozinhava,cozinhavas,cozinhava,cozinhávamos,cozinháveis,cozinhavam,cozinhei,cozinhaste,cozinhou,cozinhámos,cozinhastes,cozinharam,cozinharei,cozinharás,cozinhará,cozinharemos,cozinhareis,cozinharão,cozinharia,cozinharias,cozinharia,cozinharíamos,cozinharíeis,cozinhariam,cozinha,cozinhe,cozinhemos,cozinhai,cozinhem,cozinhes,cozinhe,cozinhemos,cozinheis,cozinhem
comer,,,,,,eat,,,ate,eaten,comendo,comido,como,comes,come,comemos,comeis,comem,comia,comias,comia,comíamos,comíeis,comiam,comi,comeste,comeu,comemos,comestes,comeram,comerei,comerás,comerá,comeremos,comereis,comerão,comeria,comerias,comeria,comeríamos,comeríeis,comeriam,come,coma,comamos,comei,comam,comas,coma,comamos,comais,comam
ferver,,,,,,boil,,,,,fervendo,fervido,fervo,ferves,ferve,fervemos,ferveis,fervem,fervia,fervias,fervia,fervíamos,fervíeis,ferviam,fervi,ferveste,ferveu,fervemos,fervestes,ferveram,ferverei,ferverás,ferverá,ferveremos,fervereis,ferverão,ferveria,ferverias,ferveria,ferveríamos,ferveríeis,ferveriam,ferve,ferva,fervamos,fervei,fervam,fervas,ferva,fervamos,fervais,fervam
fritar,,,,,,fry,fries,,,,fritando,fritado,frito,fritas,frita,fritamos,fritais,fritam,fritava,fritavas,fritava,fritávamos,fritáveis,fritavam,fritei,fritaste,fritou,fritámos,fritastes,fritaram,fritarei,fritarás,fritará,fritaremos,fritareis,fritarão,fritaria,fritarias,fritaria,fritaríamos,fritaríeis,fritariam,frita,frite,fritemos,fritai,fritem,frites,frite,fritemos,friteis,fritem
ler,,,,,,read,,,read,read,lendo,lido,leio,lês,lê,lemos,ledes,leem,lia,lias,lia,líamos,líeis,liam,li,leste,leu,lemos,lestes,leram,lerei,lerás,lerá,leremos,lereis,lerão,leria,lerias,leria,leríamos,leríeis,leriam,lê,leia,leiamos,lede,leiam,leias,leia,leiamos,leiais,leiam
escrever,,,,,,write,,,wrote,written,escrevendo,escrito,escrevo,escreves,escreve,escrevemos,escreveis,escrevem,escrevia,escrevias,escrevia,escrevíamos,escrevíeis,escreviam,escrevi,escreveste,escreveu,escrevemos,escrevestes,escreveram,escreverei,escreverás,escreverá,escreveremos,escrevereis,escreverão,escreveria,escreverias,escreveria,escreveríamos,escreveríeis,escreveriam,escreve,escreva,escrevamos,escrevei,escrevam,escrevas,escreva,escrevamos,escrevais,escrevam
salvar,,,,,,save,,,,,salvando,salvado/salvo,salvo,salvas,salva,salvamos,salvais,salvam,salvava,salvavas,salvava,salvávamos,salváveis,salvavam,salvei,salvaste,salvou,salvámos,salvastes,salvaram,salvarei,salvarás,salvará,salvaremos,salvareis,salvarão,salvaria,salvarias,salvaria,salvaríamos,salvaríeis,salvariam,salva,salve,salvemos,salvai,salvem,salves,salve,salvemos,salveis,salvem
esperar,,,,,,wait/expect/hope,,,,,esperando,esperado,espero,esperas,espera,esperamos,esperais,esperam,esperava,esperavas,esperava,esperávamos,esperáveis,esperavam,esperei,esperaste,esperou,esperámos,esperastes,esperaram,esperarei,esperarás,esperará,esperaremos,esperareis,esperarão,esperaria,esperarias,esperaria,esperaríamos,esperaríeis,esperariam,espera,espere,esperemos,esperai,esperem,esperes,espere,esperemos,espereis,esperem
seguir,,,,,,follow,,,,,seguindo,seguido,sigo,segues,segue,seguimos,seguis,seguem,seguia,seguias,seguia,seguíamos,seguíeis,seguiam,segui,seguiste,seguiu,seguimos,seguistes,seguiram,seguirei,seguirás,seguirá,seguiremos,seguireis,seguirão,seguiria,seguirias,seguiria,seguiríamos,seguiríeis,seguiriam,segue,siga,sigamos,segui,sigam,sigas,siga,sigamos,sigais,sigam
desculpar,,,,,,forgive,,,forgave,forgiven,desculpando,desculpado,desculpo,desculpas,desculpa,desculpamos,desculpais,desculpam,desculpava,desculpavas,desculpava,desculpávamos,desculpáveis,desculpavam,desculpei,desculpaste,desculpou,desculpámos,desculpastes,desculparam,desculparei,desculparás,desculpará,desculparemos,desculpareis,desculparão,desculparia,desculparias,desculparia,desculparíamos,desculparíeis,desculpariam,desculpa,desculpe,desculpemos,desculpai,desculpem,desculpes,desculpe,desculpemos,desculpeis,desculpem
mudar,,,,,,change,,,,,mudando,mudado,mudo,mudas,muda,mudamos,mudais,mudam,mudava,mudavas,mudava,mudávamos,mudáveis,mudavam,mudei,mudaste,mudou,mudámos,mudastes,mudaram,mudarei,mudarás,mudará,mudaremos,mudareis,mudarão,mudaria,mudarias,mudaria,mudaríamos,mudaríeis,mudariam,muda,mude,mudemos,mudai,mudem,mudes,mude,mudemos,mudeis,mudem
parar,,,,,stopping,stop,,,stopped,,parando,parado,paro,paras,para,paramos,parais,param,parava,paravas,parava,parávamos,paráveis,paravam,parei,paraste,parou,parámos,parastes,pararam,pararei,pararás,parará,pararemos,parareis,pararão,pararia,pararias,pararia,pararíamos,pararíeis,parariam,para,pare,paremos,parai,parem,pares,pare,paremos,pareis,parem
ligar,phone,from-eng;first-def,,,,call/phone/turn on,,,,,ligando,ligado,ligo,ligas,liga,ligamos,ligais,ligam,ligava,ligavas,ligava,ligávamos,ligáveis,ligavam,liguei,ligaste,ligou,ligámos,ligastes,ligaram,ligarei,ligarás,ligará,ligaremos,ligareis,ligarão,ligaria,ligarias,ligaria,ligaríamos,ligaríeis,ligariam,liga,ligue,liguemos,ligai,liguem,ligues,ligue,liguemos,ligueis,liguem
desligar,,,,,,turn off,,,,,desligando,desligado,desligo,desligas,desliga,desligamos,desligais,desligam,desligava,desligavas,desligava,desligávamos,desligáveis,desligavam,desliguei,desligaste,desligou,desligámos,desligastes,desligaram,desligarei,desligarás,desligará,desligaremos,desligareis,desligarão,desligaria,desligarias,desligaria,desligaríamos,desligaríeis,desligariam,desliga,desligue,desliguemos,desligai,desliguem,desligues,desligue,desliguemos,desligueis,desliguem
nadar,,,,,swimming/bathing,swim/bathe,,,swam/bathed,,nadando,nadado,nado,nadas,nada,nadamos,nadais,nadam,nadava,nadavas,nadava,nadávamos,nadáveis,nadavam,nadei,nadaste,nadou,nadámos,nadastes,nadaram,nadarei,nadarás,nadará,nadaremos,nadareis,nadarão,nadaria,nadarias,nadaria,nadaríamos,nadaríeis,nadariam,nada,nade,nademos,nadai,nadem,nades,nade,nademos,nadeis,nadem
pesar,,,,,,weigh,,,,,pesando,pesado,peso,pesas,pesa,pesamos,pesais,pesam,pesava,pesavas,pesava,pesávamos,pesáveis,pesavam,pesei,pesaste,pesou,pesámos,pesastes,pesaram,pesarei,pesarás,pesará,pesaremos,pesareis,pesarão,pesaria,pesarias,pesaria,pesaríamos,pesaríeis,pesariam,pesa,pese,pesemos,pesai,pesem,peses,pese,pesemos,peseis,pesem
evitar,,,,,,avoid/prevent,,,,,evitando,evitado,evito,evitas,evita,evitamos,evitais,evitam,evitava,evitavas,evitava,evitávamos,evitáveis,evitavam,evitei,evitaste,evitou,evitámos,evitastes,evitaram,evitarei,evitarás,evitará,evitaremos,evitareis,evitarão,evitaria,evitarias,evitaria,evitaríamos,evitaríeis,evitariam,evita,evite,evitemos,evitai,evitem,evites,evite,evitemos,eviteis,evitem
viver,,,,,,live/experience,,,,,vivendo,vivido,vivo,vives,vive,vivemos,viveis,vivem,vivia,vivias,vivia,vivíamos,vivíeis,viviam,vivi,viveste,viveu,vivemos,vivestes,viveram,viverei,viverás,viverá,viveremos,vivereis,viverão,viveria,viverias,viveria,viveríamos,viveríeis,viveriam,vive,viva,vivamos,vivei,vivam,vivas,viva,vivamos,vivais,vivam
entrar,,,1,,entering/getting inside,enter/get inside,,,entered/got inside,entered/gotten inside,entrando,entrado,entro,entras,entra,entramos,entrais,entram,entrava,entravas,entrava,entrávamos,entráveis,entravam,entrei,entraste,entrou,entrámos,entrastes,entraram,entrarei,entrarás,entrará,entraremos,entrareis,entrarão,entraria,entrarias,entraria,entraríamos,entraríeis,entrariam,entra,entre,entremos,entrai,entrem,entres,entre,entremos,entreis,entrem
melhorar,,,,,improving/getting better,improve/get better,,,improved/got better,improved/gotten better,melhorando,melhorado,melhoro,melhoras,melhora,melhoramos,melhorais,melhoram,melhorava,melhoravas,melhorava,melhorávamos,melhoráveis,melhoravam,melhorei,melhoraste,melhorou,melhorámos,melhorastes,melhoraram,melhorarei,melhorarás,melhorará,melhoraremos,melhorareis,melhorarão,melhoraria,melhorarias,melhoraria,melhoraríamos,melhoraríeis,melhorariam,melhora,melhore,melhoremos,melhorai,melhorem,melhores,melhore,melhoremos,melhoreis,melhorem
acontecer,,from-eng,,,,happen,,,,,acontecendo,acontecido,aconteço,aconteces,acontece,acontecemos,aconteceis,acontecem,acontecia,acontecias,acontecia,acontecíamos,acontecíeis,aconteciam,aconteci,aconteceste,aconteceu,acontecemos,acontecestes,aconteceram,acontecerei,acontecerás,acontecerá,aconteceremos,acontecereis,acontecerão,aconteceria,acontecerias,aconteceria,aconteceríamos,aconteceríeis,aconteceriam,acontece,aconteça,aconteçamos,acontecei,aconteçam,aconteças,aconteça,aconteçamos,aconteçais,aconteçam
chamar,,,,,,call,,,,,chamando,chamado,chamo,chamas,chama,chamamos,chamais,chamam,chamava,chamavas,chamava,chamávamos,chamáveis,chamavam,chamei,chamaste,chamou,chamámos,chamastes,chamaram,chamarei,chamarás,chamará,chamaremos,chamareis,chamarão,chamaria,chamarias,chamaria,chamaríamos,chamaríeis,chamariam,chama,chame,chamemos,chamai,chamem,chames,chame,chamemos,chameis,chamem
manter,,,,,,keep,,,kept,,mantendo,mantido,mantenho,manténs,mantém,mantemos,mantendes,mantêm,mantinha,mantinhas,mantinha,mantínhamos,mantínheis,mantinham,mantive,mantiveste,manteve,mantivemos,mantivestes,mantiveram,manterei,manterás,manterá,manteremos,mantereis,manterão,manteria,manterias,manteria,manteríamos,manteríeis,manteriam,mantém,mantenha,mantenhamos,mantende,mantenham,mantenhas,mantenha,mantenhamos,mantenhais,mantenham
aprender,,,,,,learn,,,,,aprendendo,aprendido,aprendo,aprendes,aprende,aprendemos,aprendeis,aprendem,aprendia,aprendias,aprendia,aprendíamos,aprendíeis,aprendiam,aprendi,aprendeste,aprendeu,aprendemos,aprendestes,aprenderam,aprenderei,aprenderás,aprenderá,aprenderemos,aprendereis,aprenderão,aprenderia,aprenderias,aprenderia,aprenderíamos,aprenderíeis,aprenderiam,aprende,aprenda,aprendamos,aprendei,aprendam,aprendas,aprenda,aprendamos,aprendais,aprendam
rir,,,,,,laugh,,,,,rindo,rido,rio,ris,ri,rimos,rides,riem,ria,rias,ria,ríamos,ríeis,riam,ri,riste,riu,rimos,ristes,riram,rirei,rirás,rirá,riremos,rireis,rirão,riria,ririas,riria,riríamos,riríeis,ririam,ri,ria,riamos,ride,riam,rias,ria,riamos,riais,riam
desenvolver,,,,,,develop,,,,,desenvolvendo,desenvolvido,desenvolvo,desenvolves,desenvolve,desenvolvemos,desenvolveis,desenvolvem,desenvolvia,desenvolvias,desenvolvia,desenvolvíamos,desenvolvíeis,desenvolviam,desenvolvi,desenvolveste,desenvolveu,desenvolvemos,desenvolvestes,desenvolveram,desenvolverei,desenvolverás,desenvolverá,desenvolveremos,desenvolvereis,desenvolverão,desenvolveria,desenvolverias,desenvolveria,desenvolveríamos,desenvolveríeis,desenvolveriam,desenvolve,desenvolva,desenvolvamos,desenvolvei,desenvolvam,desenvolvas,desenvolva,desenvolvamos,desenvolvais,desenvolvam
conseguir,,,,,,obtain/manage,,,,,conseguindo,conseguido,consigo,consegues,consegue,conseguimos,conseguis,conseguem,conseguia,conseguias,conseguia,conseguíamos,conseguíeis,conseguiam,consegui,conseguiste,conseguiu,conseguimos,conseguistes,conseguiram,conseguirei,conseguirás,conseguirá,conseguiremos,conseguireis,conseguirão,conseguiria,conseguirias,conseguiria,conseguiríamos,conseguiríeis,conseguiriam,consegue,consiga,consigamos,consegui,consigam,consigas,consiga,consigamos,consigais,consigam
supor,,,,,,assume/suppose,,,,,supondo,suposto,suponho,supões,supõe,supomos,supondes,supõem,supunha,supunhas,supunha,supúnhamos,supúnheis,supunham,supus,supuseste,supôs,supusemos,supusestes,supuseram,suporei,suporás,suporá,suporemos,suporeis,suporão,suporia,suporias,suporia,suporíamos,suporíeis,suporiam,supõe,suponha,suponhamos,suponde,suponham,suponhas,suponha,suponhamos,suponhais,suponham
contar,,,,,,count on,,,,,contando,contado,conto,contas,conta,contamos,contais,contam,contava,contavas,contava,contávamos,contáveis,contavam,contei,contaste,contou,contámos,contastes,contaram,contarei,contarás,contará,contaremos,contareis,contarão,contaria,contarias,contaria,contaríamos,contaríeis,contariam,conta,conte,contemos,contai,contem,contes,conte,contemos,conteis,contem
virar,,,,,,turn,,,,,virando,virado,viro,viras,vira,viramos,virais,viram,virava,viravas,virava,virávamos,viráveis,viravam,virei,viraste,virou,virámos,virastes,viraram,virarei,virarás,virará,viraremos,virareis,virarão,viraria,virarias,viraria,viraríamos,viraríeis,virariam,vira,vire,viremos,virai,virem,vires,vire,viremos,vireis,virem
apresentar,,,,,,present,,,,,apresentando,apresentado,apresento,apresentas,apresenta,apresentamos,apresentais,apresentam,apresentava,apresentavas,apresentava,apresentávamos,apresentáveis,apresentavam,apresentei,apresentaste,apresentou,apresentámos,apresentastes,apresentaram,apresentarei,apresentarás,apresentará,apresentaremos,apresentareis,apresentarão,apresentaria,apresentarias,apresentaria,apresentaríamos,apresentaríeis,apresentariam,apresenta,apresente,apresentemos,apresentai,apresentem,apresentes,apresente,apresentemos,apresenteis,apresentem
servir,,,,,,serve,,,,,servindo,servido,sirvo,serves,serve,servimos,servis,servem,servia,servias,servia,servíamos,servíeis,serviam,servi,serviste,serviu,servimos,servistes,serviram,servirei,servirás,servirá,serviremos,servireis,servirão,serviria,servirias,serviria,serviríamos,serviríeis,serviriam,serve,sirva,sirvamos,servi,sirvam,sirvas,sirva,sirvamos,sirvais,sirvam
respeitar,,,,,,respect,,,,,respeitando,respeitado,respeito,respeitas,respeita,respeitamos,respeitais,respeitam,respeitava,respeitavas,respeitava,respeitávamos,respeitáveis,respeitavam,respeitei,respeitaste,respeitou,respeitámos,respeitastes,respeitaram,respeitarei,respeitarás,respeitará,respeitaremos,respeitareis,respeitarão,respeitaria,respeitarias,respeitaria,respeitaríamos,respeitaríeis,respeitariam,respeita,respeite,respeitemos,respeitai,respeitem,respeites,respeite,respeitemos,respeiteis,respeitem
morar,,,,,,live,,,,,morando,morado,moro,moras,mora,moramos,morais,moram,morava,moravas,morava,morávamos,moráveis,moravam,morei,moraste,morou,morámos,morastes,moraram,morarei,morarás,morará,moraremos,morareis,morarão,moraria,morarias,moraria,moraríamos,moraríeis,morariam,mora,more,moremos,morai,morem,mores,more,moremos,moreis,morem
lançar,,,,,,launch,launches,,,,lançando,lançado,lanço,lanças,lança,lançamos,lançais,lançam,lançava,lançavas,lançava,lançávamos,lançáveis,lançavam,lancei,lançaste,lançou,lançámos,lançastes,lançaram,lançarei,lançarás,lançará,lançaremos,lançareis,lançarão,lançaria,lançarias,lançaria,lançaríamos,lançaríeis,lançariam,lança,lance,lancemos,lançai,lancem,lances,lance,lancemos,lanceis,lancem
viajar,,,,,,travel,,,,,viajando,viajado,viajo,viajas,viaja,viajamos,viajais,viajam,viajava,viajavas,viajava,viajávamos,viajáveis,viajavam,viajei,viajaste,viajou,viajámos,viajastes,viajaram,viajarei,viajarás,viajará,viajaremos,viajareis,viajarão,viajaria,viajarias,viajaria,viajaríamos,viajaríeis,viajariam,viaja,viaje,viajemos,viajai,viajem,viajes,viaje,viajemos,viajeis,viajem
oferecer,,,,,,offer,,,,,oferecendo,oferecido,ofereço,ofereces,oferece,oferecemos,ofereceis,oferecem,oferecia,oferecias,oferecia,oferecíamos,oferecíeis,ofereciam,ofereci,ofereceste,ofereceu,oferecemos,oferecestes,ofereceram,oferecerei,oferecerás,oferecerá,ofereceremos,oferecereis,oferecerão,ofereceria,oferecerias,ofereceria,ofereceríamos,ofereceríeis,ofereceriam,oferece,ofereça,ofereçamos,oferecei,ofereçam,ofereças,ofereça,ofereçamos,ofereçais,ofereçam
assumir,,,,,,assume,,,,,assumindo,assumido,assumo,assumes,assume,assumimos,assumis,assumem,assumia,assumias,assumia,assumíamos,assumíeis,assumiam,assumi,assumiste,assumiu,assumimos,assumistes,assumiram,assumirei,assumirás,assumirá,assumiremos,assumireis,assumirão,assumiria,assumirias,assumiria,assumiríamos,assumiríeis,assumiriam,assume,assuma,assumamos,assumi,assumam,assumas,assuma,assumamos,assumais,assumam
procurar,,,,,,look for/search for/seek,looks for/searches for/seeks,,looked for/searched for/sought,,procurando,procurado,procuro,procuras,procura,procuramos,procurais,procuram,procurava,procuravas,procurava,procurávamos,procuráveis,procuravam,procurei,procuraste,procurou,procurámos,procurastes,procuraram,procurarei,procurarás,procurará,procuraremos,procurareis,procurarão,procuraria,procurarias,procuraria,procuraríamos,procuraríeis,procurariam,procura,procure,procuremos,procurai,procurem,procures,procure,procuremos,procureis,procurem
incluir,,,,,,include,,,,,incluindo,incluído,incluo,incluis,inclui,incluímos,incluís,incluem,incluía,incluías,incluía,incluíamos,incluíeis,incluíam,incluí,incluíste,incluiu,incluímos,incluístes,incluíram,incluirei,incluirás,incluirá,incluiremos,incluireis,incluirão,incluiria,incluirias,incluiria,incluiríamos,incluiríeis,incluiriam,inclui,inclua,incluamos,incluí,incluam,incluas,inclua,incluamos,incluais,incluam
sentir,,,,,,feel/sense,,,felt/sensed,,sentindo,sentido,sinto,sentes,sente,sentimos,sentis,sentem,sentia,sentias,sentia,sentíamos,sentíeis,sentiam,senti,sentiste,sentiu,sentimos,sentistes,sentiram,sentirei,sentirás,sentirá,sentiremos,sentireis,sentirão,sentiria,sentirias,sentiria,sentiríamos,sentiríeis,sentiriam,sente,sinta,sintamos,senti,sintam,sintas,sinta,sintamos,sintais,sintam
machucar,,,,,,hurt,,,hurt,,machucando,machucado,machuco,machucas,machuca,machucamos,machucais,machucam,machucava,machucavas,machucava,machucávamos,machucáveis,machucavam,machuquei,machucaste,machucou,machucámos,machucastes,machucaram,machucarei,machucarás,machucará,machucaremos,machucareis,machucarão,machucaria,machucarias,machucaria,machucaríamos,machucaríeis,machucariam,machuca,machuque,machuquemos,machucai,machuquem,machuques,machuque,machuquemos,machuqueis,machuquem
sonhar,,,,,,dream,,,dreamed/dreamt,,sonhando,sonhado,sonho,sonhas,sonha,sonhamos,sonhais,sonham,sonhava,sonhavas,sonhava,sonhávamos,sonháveis,sonhavam,sonhei,sonhaste,sonhou,sonhámos,sonhastes,sonharam,sonharei,sonharás,sonhará,sonharemos,sonhareis,sonharão,sonharia,sonharias,sonharia,sonharíamos,sonharíeis,sonhariam,sonha,sonhe,sonhemos,sonhai,sonhem,sonhes,sonhe,sonhemos,sonheis,sonhem
existir,,,,,,exist,,,,,existindo,existido,existo,existes,existe,existimos,existis,existem,existia,existias,existia,existíamos,existíeis,existiam,existi,exististe,existiu,existimos,exististes,existiram,existirei,existirás,existirá,existiremos,existireis,existirão,existiria,existirias,existiria,existiríamos,existiríeis,existiriam,existe,exista,existamos,existi,existam,existas,exista,existamos,existais,existam
caber,,,,,fitting,fit,,,fit,,cabendo,cabido,caibo,cabes,cabe,cabemos,cabeis,cabem,cabia,cabias,cabia,cabíamos,cabíeis,cabiam,coube,coubeste,coube,coubemos,coubestes,couberam,caberei,caberás,caberá,caberemos,cabereis,caberão,caberia,caberias,caberia,caberíamos,caberíeis,caberiam,cabe,caiba,caibamos,cabei,caibam,caibas,caiba,caibamos,caibais,caibam
convidar,,,,,,invite,,,,,convidando,convidado,convido,convidas,convida,convidamos,convidais,convidam,convidava,convidavas,convidava,convidávamos,convidáveis,convidavam,convidei,convidaste,convidou,convidámos,convidastes,convidaram,convidarei,convidarás,convidará,convidaremos,convidareis,convidarão,convidaria,convidarias,convidaria,convidaríamos,convidaríeis,convidariam,convida,convide,convidemos,convidai,convidem,convides,convide,convidemos,convideis,convidem
assinar,,,,,,sign,,,,,assinando,assinado,assino,assinas,assina,assinamos,assinais,assinam,assinava,assinavas,assinava,assinávamos,assináveis,assinavam,assinei,assinaste,assinou,assinámos,assinastes,assinaram,assinarei,assinarás,assinará,assinaremos,assinareis,assinarão,assinaria,assinarias,assinaria,assinaríamos,assinaríeis,assinariam,assina,assine,assinemos,assinai,assinem,assines,assine,assinemos,assineis,assinem
fechar,,,,,closing/shutting,close/shut,,,closed/shut,,fechando,fechado,fecho,fechas,fecha,fechamos,fechais,fecham,fechava,fechavas,fechava,fechávamos,fecháveis,fechavam,fechei,fechaste,fechou,fechámos,fechastes,fecharam,fecharei,fecharás,fechará,fecharemos,fechareis,fecharão,fecharia,fecharias,fecharia,fecharíamos,fecharíeis,fechariam,fecha,feche,fechemos,fechai,fechem,feches,feche,fechemos,fecheis,fechem
importar,,,,,,import,,,,,importando,importado,importo,importas,importa,importamos,importais,importam,importava,importavas,importava,importávamos,importáveis,importavam,importei,importaste,importou,importámos,importastes,importaram,importarei,importarás,importará,importaremos,importareis,importarão,importaria,importarias,importaria,importaríamos,importaríeis,importariam,importa,importe,importemos,importai,importem,importes,importe,importemos,importeis,importem
depender,,,,,,depend,,,,,dependendo,dependido,dependo,dependes,depende,dependemos,dependeis,dependem,dependia,dependias,dependia,dependíamos,dependíeis,dependiam,dependi,dependeste,dependeu,dependemos,dependestes,dependeram,dependerei,dependerás,dependerá,dependeremos,dependereis,dependerão,dependeria,dependerias,dependeria,dependeríamos,dependeríeis,dependeriam,depende,dependa,dependamos,dependei,dependam,dependas,dependa,dependamos,dependais,dependam
roubar,,,,,robbing/stealing,rob/steal,,,robbed/stole,,roubando,roubado,roubo,roubas,rouba,roubamos,roubais,roubam,roubava,roubavas,roubava,roubávamos,roubáveis,roubavam,roubei,roubaste,roubou,roubámos,roubastes,roubaram,roubarei,roubarás,roubará,roubaremos,roubareis,roubarão,roubaria,roubarias,roubaria,roubaríamos,roubaríeis,roubariam,rouba,roube,roubemos,roubai,roubem,roubes,roube,roubemos,roubeis,roubem
sentar,,,,,sitting,sit,,,sat,,sentando,sentado,sento,sentas,senta,sentamos,sentais,sentam,sentava,sentavas,sentava,sentávamos,sentáveis,sentavam,sentei,sentaste,sentou,sentámos,sentastes,sentaram,sentarei,sentarás,sentará,sentaremos,sentareis,sentarão,sentaria,sentarias,sentaria,sentaríamos,sentaríeis,sentariam,senta,sente,sentemos,sentai,sentem,sentes,sente,sentemos,senteis,sentem
escolher,,,,,,choose/select,,,chose/selected,chosen/selected,escolhendo,escolhido,escolho,escolhes,escolhe,escolhemos,escolheis,escolhem,escolhia,escolhias,escolhia,escolhíamos,escolhíeis,escolhiam,escolhi,escolheste,escolheu,escolhemos,escolhestes,escolheram,escolherei,escolherás,escolherá,escolheremos,escolhereis,escolherão,escolheria,escolherias,escolheria,escolheríamos,escolheríeis,escolheriam,escolhe,escolha,escolhamos,escolhei,escolham,escolhas,escolha,escolhamos,escolhais,escolham
construir,,,,,,construct,,,,,construindo,construído,construo,constróis,constrói,construímos,construís,constroem,construía,construías,construía,construíamos,construíeis,construíam,construí,construíste,construiu,construímos,construístes,construíram,construirei,construirás,construirá,construiremos,construireis,construirão,construiria,construirias,construiria,construiríamos,construiríeis,construiriam,constrói,construa,construamos,construí,construam,construas,construa,construamos,construais,construam
responder,,,,,,respond/answer,,,,,respondendo,respondido,respondo,respondes,responde,respondemos,respondeis,respondem,respondia,respondias,respondia,respondíamos,respondíeis,respondiam,respondi,respondeste,respondeu,respondemos,respondestes,responderam,responderei,responderás,responderá,responderemos,respondereis,responderão,responderia,responderias,responderia,responderíamos,responderíeis,responderiam,responde,responda,respondamos,respondei,respondam,respondas,responda,respondamos,respondais,respondam
preferir,,,,,preferring,prefer,,,preferred,,preferindo,preferido,prefiro,preferes,prefere,preferimos,preferis,preferem,preferia,preferias,preferia,preferíamos,preferíeis,preferiam,preferi,preferiste,preferiu,preferimos,preferistes,preferiram,preferirei,preferirás,preferirá,preferiremos,preferireis,preferirão,preferiria,preferirias,preferiria,preferiríamos,preferiríeis,prefeririam,prefere,prefira,prefiramos,preferi,prefiram,prefiras,prefira,prefiramos,prefirais,prefiram
envolver,,,,,involving/wrapping,involve/wrap,,,involved/wrapped,,envolvendo,envolvido,envolvo,envolves,envolve,envolvemos,envolveis,envolvem,envolvia,envolvias,envolvia,envolvíamos,envolvíeis,envolviam,envolvi,envolveste,envolveu,envolvemos,envolvestes,envolveram,envolverei,envolverás,envolverá,envolveremos,envolvereis,envolverão,envolveria,envolverias,envolveria,envolveríamos,envolveríeis,envolveriam,envolve,envolva,envolvamos,envolvei,envolvam,envolvas,envolva,envolvamos,envolvais,envolvam
explicar,,,,,,explain,,,,,explicando,explicado,explico,explicas,explica,explicamos,explicais,explicam,explicava,explicavas,explicava,explicávamos,explicáveis,explicavam,expliquei,explicaste,explicou,explicámos,explicastes,explicaram,explicarei,explicarás,explicará,explicaremos,explicareis,explicarão,explicaria,explicarias,explicaria,explicaríamos,explicaríeis,explicariam,explica,explique,expliquemos,explicai,expliquem,expliques,explique,expliquemos,expliqueis,expliquem
concordar,,,,,,agree,,,,,concordando,concordado,concordo,concordas,concorda,concordamos,concordais,concordam,concordava,concordavas,concordava,concordávamos,concordáveis,concordavam,concordei,concordaste,concordou,concordámos,concordastes,concordaram,concordarei,concordarás,concordará,concordaremos,concordareis,concordarão,concordaria,concordarias,concordaria,concordaríamos,concordaríeis,concordariam,concorda,concorde,concordemos,concordai,concordem,concordes,concorde,concordemos,concordeis,concordem
cantar,,,,,,sing,,,sang,,cantando,cantado,canto,cantas,canta,cantamos,cantais,cantam,cantava,cantavas,cantava,cantávamos,cantáveis,cantavam,cantei,cantaste,cantou,cantámos,cantastes,cantaram,cantarei,cantarás,cantará,cantaremos,cantareis,cantarão,cantaria,cantarias,cantaria,cantaríamos,cantaríeis,cantariam,canta,cante,cantemos,cantai,cantem,cantes,cante,cantemos,canteis,cantem
crescer,,,,,,grow/increase,,,grew/increased,grown/increased,crescendo,crescido,cresço,cresces,cresce,crescemos,cresceis,crescem,crescia,crescias,crescia,crescíamos,crescíeis,cresciam,cresci,cresceste,cresceu,crescemos,crescestes,cresceram,crescerei,crescerás,crescerá,cresceremos,crescereis,crescerão,cresceria,crescerias,cresceria,cresceríamos,cresceríeis,cresceriam,cresce,cresça,cresçamos,crescei,cresçam,cresças,cresça,cresçamos,cresçais,cresçam
atingir,,,,,achieving/reaching/hitting,achieve/reach/hit,achieves/reaches/hits,,achieved/reached/hit,,atingindo,atingido,atinjo,atinges,atinge,atingimos,atingis,atingem,atingia,atingias,atingia,atingíamos,atingíeis,atingiam,atingi,atingiste,atingiu,atingimos,atingistes,atingiram,atingirei,atingirás,atingirá,atingiremos,atingireis,atingirão,atingiria,atingirias,atingiria,atingiríamos,atingiríeis,atingiriam,atinge,atinja,atinjamos,atingi,atinjam,atinjas,atinja,atinjamos,atinjais,atinjam
agradecer,,,,,,thank,,,,,agradecendo,agradecido,agradeço,agradeces,agradece,agradecemos,agradeceis,agradecem,agradecia,agradecias,agradecia,agradecíamos,agradecíeis,agradeciam,agradeci,agradeceste,agradeceu,agradecemos,agradecestes,agradeceram,agradecerei,agradecerás,agradecerá,agradeceremos,agradecereis,agradecerão,agradeceria,agradecerias,agradeceria,agradeceríamos,agradeceríeis,agradeceriam,agradece,agradeça,agradeçamos,agradecei,agradeçam,agradeças,agradeça,agradeçamos,agradeçais,agradeçam
estudar,,,,,,study,studies,,,,estudando,estudado,estudo,estudas,estuda,estudamos,estudais,estudam,estudava,estudavas,estudava,estudávamos,estudáveis,estudavam,estudei,estudaste,estudou,estudámos,estudastes,estudaram,estudarei,estudarás,estudará,estudaremos,estudareis,estudarão,estudaria,estudarias,estudaria,estudaríamos,estudaríeis,estudariam,estuda,estude,estudemos,estudai,estudem,estudes,estude,estudemos,estudeis,estudem
juntar,,,,,,gather/collect,,,,,juntando,juntado,junto,juntas,junta,juntamos,juntais,juntam,juntava,juntavas,juntava,juntávamos,juntáveis,juntavam,juntei,juntaste,juntou,juntámos,juntastes,juntaram,juntarei,juntarás,juntará,juntaremos,juntareis,juntarão,juntaria,juntarias,juntaria,juntaríamos,juntaríeis,juntariam,junta,junte,juntemos,juntai,juntem,juntes,junte,juntemos,junteis,juntem
chorar,,,,,,cry,cries,,,,chorando,chorado,choro,choras,chora,choramos,chorais,choram,chorava,choravas,chorava,chorávamos,choráveis,choravam,chorei,choraste,chorou,chorámos,chorastes,choraram,chorarei,chorarás,chorará,choraremos,chorareis,chorarão,choraria,chorarias,choraria,choraríamos,choraríeis,chorariam,chora,chore,choremos,chorai,chorem,chores,chore,choremos,choreis,chorem
ensinar,,,,,,teach,teaches,,taught,,ensinando,ensinado,ensino,ensinas,ensina,ensinamos,ensinais,ensinam,ensinava,ensinavas,ensinava,ensinávamos,ensináveis,ensinavam,ensinei,ensinaste,ensinou,ensinámos,ensinastes,ensinaram,ensinarei,ensinarás,ensinará,ensinaremos,ensinareis,ensinarão,ensinaria,ensinarias,ensinaria,ensinaríamos,ensinaríeis,ensinariam,ensina,ensine,ensinemos,ensinai,ensinem,ensines,ensine,ensinemos,ensineis,ensinem
guardar,,,,,,keep/store/save,,,kept/stored/saved,,guardando,guardado,guardo,guardas,guarda,guardamos,guardais,guardam,guardava,guardavas,guardava,guardávamos,guardáveis,guardavam,guardei,guardaste,guardou,guardámos,guardastes,guardaram,guardarei,guardarás,guardará,guardaremos,guardareis,guardarão,guardaria,guardarias,guardaria,guardaríamos,guardaríeis,guardariam,guarda,guarde,guardemos,guardai,guardem,guardes,guarde,guardemos,guardeis,guardem
atrasar,,,,,,delay/stall,,,delayed/stalled,,atrasando,atrasado,atraso,atrasas,atrasa,atrasamos,atrasais,atrasam,atrasava,atrasavas,atrasava,atrasávamos,atrasáveis,atrasavam,atrasei,atrasaste,atrasou,atrasámos,atrasastes,atrasaram,atrasarei,atrasarás,atrasará,atrasaremos,atrasareis,atrasarão,atrasaria,atrasarias,atrasaria,atrasaríamos,atrasaríeis,atrasariam,atrasa,atrase,atrasemos,atrasai,atrasem,atrases,atrase,atrasemos,atraseis,atrasem
julgar,,,,,,judge,,,,,julgando,julgado,julgo,julgas,julga,julgamos,julgais,julgam,julgava,julgavas,julgava,julgávamos,julgáveis,julgavam,julguei,julgaste,julgou,julgámos,julgastes,julgaram,julgarei,julgarás,julgará,julgaremos,julgareis,julgarão,julgaria,julgarias,julgaria,julgaríamos,julgaríeis,julgariam,julga,julgue,julguemos,julgai,julguem,julgues,julgue,julguemos,julgueis,julguem
mover,,,,,,move,,,,,movendo,movido,movo,moves,move,movemos,moveis,movem,movia,movias,movia,movíamos,movíeis,moviam,movi,moveste,moveu,movemos,movestes,moveram,moverei,moverás,moverá,moveremos,movereis,moverão,moveria,moverias,moveria,moveríamos,moveríeis,moveriam,move,mova,movamos,movei,movam,movas,mova,movamos,movais,movam
queimar,,,,,,burn,,,,burnt,queimando,queimado,queimo,queimas,queima,queimamos,queimais,queimam,queimava,queimavas,queimava,queimávamos,queimáveis,queimavam,queimei,queimaste,queimou,queimámos,queimastes,queimaram,queimarei,queimarás,queimará,queimaremos,queimareis,queimarão,queimaria,queimarias,queimaria,queimaríamos,queimaríeis,queimariam,queima,queime,queimemos,queimai,queimem,queimes,queime,queimemos,queimeis,queimem
visitar,,,,,,visit,,,,,visitando,visitado,visito,visitas,visita,visitamos,visitais,visitam,visitava,visitavas,visitava,visitávamos,visitáveis,visitavam,visitei,visitaste,visitou,visitámos,visitastes,visitaram,visitarei,visitarás,visitará,visitaremos,visitareis,visitarão,visitaria,visitarias,visitaria,visitaríamos,visitaríeis,visitariam,visita,visite,visitemos,visitai,visitem,visites,visite,visitemos,visiteis,visitem
beijar,,,,,,kiss,,,,,beijando,beijado,beijo,beijas,beija,beijamos,beijais,beijam,beijava,beijavas,beijava,beijávamos,beijáveis,beijavam,beijei,beijaste,beijou,beijámos,beijastes,beijaram,beijarei,beijarás,beijará,beijaremos,beijareis,beijarão,beijaria,beijarias,beijaria,beijaríamos,beijaríeis,beijariam,beija,beije,beijemos,beijai,beijem,beijes,beije,beijemos,beijeis,beijem
gritar,,,,,,scream/yell,,,,,gritando,gritado,grito,gritas,grita,gritamos,gritais,gritam,gritava,gritavas,gritava,gritávamos,gritáveis,gritavam,gritei,gritaste,gritou,gritámos,gritastes,gritaram,gritarei,gritarás,gritará,gritaremos,gritareis,gritarão,gritaria,gritarias,gritaria,gritaríamos,gritaríeis,gritariam,grita,grite,gritemos,gritai,gritem,grites,grite,gritemos,griteis,gritem
falhar,,,,,,fail,,,,,falhando,falhado,falho,falhas,falha,falhamos,falhais,falham,falhava,falhavas,falhava,falhávamos,falháveis,falhavam,falhei,falhaste,falhou,falhámos,falhastes,falharam,falharei,falharás,falhará,falharemos,falhareis,falharão,falharia,falharias,falharia,falharíamos,falharíeis,falhariam,falha,falhe,falhemos,falhai,falhem,falhes,falhe,falhemos,falheis,falhem
montar,,,2,,,assemble/build/mount,,,assembled/built/mounted,,montando,montado,monto,montas,monta,montamos,montais,montam,montava,montavas,montava,montávamos,montáveis,montavam,montei,montaste,montou,montámos,montastes,montaram,montarei,montarás,montará,montaremos,montareis,montarão,montaria,montarias,montaria,montaríamos,montaríeis,montariam,monta,monte,montemos,montai,montem,montes,monte,montemos,monteis,montem
encher,,,,,,fill,,,,,enchendo,enchido,encho,enches,enche,enchemos,encheis,enchem,enchia,enchias,enchia,enchíamos,enchíeis,enchiam,enchi,encheste,encheu,enchemos,enchestes,encheram,encherei,encherás,encherá,encheremos,enchereis,encherão,encheria,encherias,encheria,encheríamos,encheríeis,encheriam,enche,encha,enchamos,enchei,encham,enchas,encha,enchamos,enchais,encham
carregar,,,,,,carry,carries,,,,carregando,carregado,carrego,carregas,carrega,carregamos,carregais,carregam,carregava,carregavas,carregava,carregávamos,carregáveis,carregavam,carreguei,carregaste,carregou,carregámos,carregastes,carregaram,carregarei,carregarás,carregará,carregaremos,carregareis,carregarão,carregaria,carregarias,carregaria,carregaríamos,carregaríeis,carregariam,carrega,carregue,carreguemos,carregai,carreguem,carregues,carregue,carreguemos,carregueis,carreguem
apontar,,,,,,point,,,,,apontando,apontado,aponto,apontas,aponta,apontamos,apontais,apontam,apontava,apontavas,apontava,apontávamos,apontáveis,apontavam,apontei,apontaste,apontou,apontámos,apontastes,apontaram,apontarei,apontarás,apontará,apontaremos,apontareis,apontarão,apontaria,apontarias,apontaria,apontaríamos,apontaríeis,apontariam,aponta,aponte,apontemos,apontai,apontem,apontes,aponte,apontemos,aponteis,apontem
observar,,,,,,observe,,,,,observando,observado,observo,observas,observa,observamos,observais,observam,observava,observavas,observava,observávamos,observáveis,observavam,observei,observaste,observou,observámos,observastes,observaram,observarei,observarás,observará,observaremos,observareis,observarão,observaria,observarias,observaria,observaríamos,observaríeis,observariam,observa,observe,observemos,observai,observem,observes,observe,observemos,observeis,observem
acordar,,,,,,wake/wake up,,,woke/woke up,woken/woken up,acordando,acordado,acordo,acordas,acorda,acordamos,acordais,acordam,acordava,acordavas,acordava,acordávamos,acordáveis,acordavam,acordei,acordaste,acordou,acordámos,acordastes,acordaram,acordarei,acordarás,acordará,acordaremos,acordareis,acordarão,acordaria,acordarias,acordaria,acordaríamos,acordaríeis,acordariam,acorda,acorde,acordemos,acordai,acordem,acordes,acorde,acordemos,acordeis,acordem
entregar,,,,,,deliver,,,,,entregando,entregado/entregue,entrego,entregas,entrega,entregamos,entregais,entregam,entregava,entregavas,entregava,entregávamos,entregáveis,entregavam,entreguei,entregaste,entregou,entregámos,entregastes,entregaram,entregarei,entregarás,entregará,entregaremos,entregareis,entregarão,entregaria,entregarias,entregaria,entregaríamos,entregaríeis,entregariam,entrega,entregue,entreguemos,entregai,entreguem,entregues,entregue,entreguemos,entregueis,entreguem
arrumar,,,,,,arrange/organize/tidy,arranges/organizes/tidies,,,,arrumando,arrumado,arrumo,arrumas,arruma,arrumamos,arrumais,arrumam,arrumava,arrumavas,arrumava,arrumávamos,arrumáveis,arrumavam,arrumei,arrumaste,arrumou,arrumámos,arrumastes,arrumaram,arrumarei,arrumarás,arrumará,arrumaremos,arrumareis,arrumarão,arrumaria,arrumarias,arrumaria,arrumaríamos,arrumaríeis,arrumariam,arruma,arrume,arrumemos,arrumai,arrumem,arrumes,arrume,arrumemos,arrumeis,arrumem
enviar,,,,,sending/submitting/shipping,send/submit/ship,,,sent/submitted/shipped,,enviando,enviado,envio,envias,envia,enviamos,enviais,enviam,enviava,enviavas,enviava,enviávamos,enviáveis,enviavam,enviei,enviaste,enviou,enviámos,enviastes,enviaram,enviarei,enviarás,enviará,enviaremos,enviareis,enviarão,enviaria,enviarias,enviaria,enviaríamos,enviaríeis,enviariam,envia,envie,enviemos,enviai,enviem,envies,envie,enviemos,envieis,enviem
lembrar,,,,,,remember,,,,,lembrando,lembrado,lembro,lembras,lembra,lembramos,lembrais,lembram,lembrava,lembravas,lembrava,lembrávamos,lembráveis,lembravam,lembrei,lembraste,lembrou,lembrámos,lembrastes,lembraram,lembrarei,lembrarás,lembrará,lembraremos,lembrareis,lembrarão,lembraria,lembrarias,lembraria,lembraríamos,lembraríeis,lembrariam,lembra,lembre,lembremos,lembrai,lembrem,lembres,lembre,lembremos,lembreis,lembrem
reclamar,,,,,,complain/demand,,,,,reclamando,reclamado,reclamo,reclamas,reclama,reclamamos,reclamais,reclamam,reclamava,reclamavas,reclamava,reclamávamos,reclamáveis,reclamavam,reclamei,reclamaste,reclamou,reclamámos,reclamastes,reclamaram,reclamarei,reclamarás,reclamará,reclamaremos,reclamareis,reclamarão,reclamaria,reclamarias,reclamaria,reclamaríamos,reclamaríeis,reclamariam,reclama,reclame,reclamemos,reclamai,reclamem,reclames,reclame,reclamemos,reclameis,reclamem
reconhecer,,,,,,recognize,,,,,reconhecendo,reconhecido,reconheço,reconheces,reconhece,reconhecemos,reconheceis,reconhecem,reconhecia,reconhecias,reconhecia,reconhecíamos,reconhecíeis,reconheciam,reconheci,reconheceste,reconheceu,reconhecemos,reconhecestes,reconheceram,reconhecerei,reconhecerás,reconhecerá,reconheceremos,reconhecereis,reconhecerão,reconheceria,reconhecerias,reconheceria,reconheceríamos,reconheceríeis,reconheceriam,reconhece,reconheça,reconheçamos,reconhecei,reconheçam,reconheças,reconheça,reconheçamos,reconheçais,reconheçam
recuperar,,,,,,recover,,,,,recuperando,recuperado,recupero,recuperas,recupera,recuperamos,recuperais,recuperam,recuperava,recuperavas,recuperava,recuperávamos,recuperáveis,recuperavam,recuperei,recuperaste,recuperou,recuperámos,recuperastes,recuperaram,recuperarei,recuperarás,recuperará,recuperaremos,recuperareis,recuperarão,recuperaria,recuperarias,recuperaria,recuperaríamos,recuperaríeis,recuperariam,recupera,recupere,recuperemos,recuperai,recuperem,recuperes,recupere,recuperemos,recupereis,recuperem
repetir,,,,,,repeat,,,,,repetindo,repetido,repito,repetes,repete,repetimos,repetis,repetem,repetia,repetias,repetia,repetíamos,repetíeis,repetiam,repeti,repetiste,repetiu,repetimos,repetistes,repetiram,repetirei,repetirás,repetirá,repetiremos,repetireis,repetirão,repetiria,repetirias,repetiria,repetiríamos,repetiríeis,repetiriam,repete,repita,repitamos,repeti,repitam,repitas,repita,repitamos,repitais,repitam
defender,,,,,,defend,,,,,defendendo,defendido,defendo,defendes,defende,defendemos,defendeis,defendem,defendia,defendias,defendia,defendíamos,defendíeis,defendiam,defendi,defendeste,defendeu,defendemos,defendestes,defenderam,defenderei,defenderás,defenderá,defenderemos,defendereis,defenderão,defenderia,defenderias,defenderia,defenderíamos,defenderíeis,defenderiam,defende,defenda,defendamos,defendei,defendam,defendas,defenda,defendamos,defendais,defendam
exigir,,,,,,require/demand,,,,,exigindo,exigido,exijo,exiges,exige,exigimos,exigis,exigem,exigia,exigias,exigia,exigíamos,exigíeis,exigiam,exigi,exigiste,exigiu,exigimos,exigistes,exigiram,exigirei,exigirás,exigirá,exigiremos,exigireis,exigirão,exigiria,exigirias,exigiria,exigiríamos,exigiríeis,exigiriam,exige,exija,exijamos,exigi,exijam,exijas,exija,exijamos,exijais,exijam
misturar,,,1,,,mix/blend,mixes/blends,,,,misturando,misturado,misturo,misturas,mistura,misturamos,misturais,misturam,misturava,misturavas,misturava,misturávamos,misturáveis,misturavam,misturei,misturaste,misturou,misturámos,misturastes,misturaram,misturarei,misturarás,misturará,misturaremos,misturareis,misturarão,misturaria,misturarias,misturaria,misturaríamos,misturaríeis,misturariam,mistura,misture,misturemos,misturai,misturem,mistures,misture,misturemos,mistureis,misturem
continuar,,,,,continuing/remaining,continue/remain,,,,,continuando,continuado,continuo,continuas,continua,continuamos,continuais,continuam,continuava,continuavas,continuava,continuávamos,continuáveis,continuavam,continuei,continuaste,continuou,continuámos,continuastes,continuaram,continuarei,continuarás,continuará,continuaremos,continuareis,continuarão,continuaria,continuarias,continuaria,continuaríamos,continuaríeis,continuariam,continua,continue,continuemos,continuai,continuem,continues,continue,continuemos,continueis,continuem
duvidar,,,,,,doubt,,,,,duvidando,duvidado,duvido,duvidas,duvida,duvidamos,duvidais,duvidam,duvidava,duvidavas,duvidava,duvidávamos,duvidáveis,duvidavam,duvidei,duvidaste,duvidou,duvidámos,duvidastes,duvidaram,duvidarei,duvidarás,duvidará,duvidaremos,duvidareis,duvidarão,duvidaria,duvidarias,duvidaria,duvidaríamos,duvidaríeis,duvidariam,duvida,duvide,duvidemos,duvidai,duvidem,duvides,duvide,duvidemos,duvideis,duvidem
dirigir,,,1,,,drive/steer,,,drove/steered,driven/steered,dirigindo,dirigido,dirijo,diriges,dirige,dirigimos,dirigis,dirigem,dirigia,dirigias,dirigia,dirigíamos,dirigíeis,dirigiam,dirigi,dirigiste,dirigiu,dirigimos,dirigistes,dirigiram,dirigirei,dirigirás,dirigirá,dirigiremos,dirigireis,dirigirão,dirigiria,dirigirias,dirigiria,dirigiríamos,dirigiríeis,dirigiriam,dirige,dirija,dirijamos,dirigi,dirijam,dirijas,dirija,dirijamos,dirijais,dirijam
interessar,intrigue/engage,from-eng,,,,interest,,,,,interessando,interessado,interesso,interessas,interessa,interessamos,interessais,interessam,interessava,interessavas,interessava,interessávamos,interessáveis,interessavam,interessei,interessaste,interessou,interessámos,interessastes,interessaram,interessarei,interessarás,interessará,interessaremos,interessareis,interessarão,interessaria,interessarias,interessaria,interessaríamos,interessaríeis,interessariam,interessa,interesse,interessemos,interessai,interessem,interesses,interesse,interessemos,interesseis,interessem
recusar,,,,,,refuse/decline,,,,,recusando,recusado,recuso,recusas,recusa,recusamos,recusais,recusam,recusava,recusavas,recusava,recusávamos,recusáveis,recusavam,recusei,recusaste,recusou,recusámos,recusastes,recusaram,recusarei,recusarás,recusará,recusaremos,recusareis,recusarão,recusaria,recusarias,recusaria,recusaríamos,recusaríeis,recusariam,recusa,recuse,recusemos,recusai,recusem,recuses,recuse,recusemos,recuseis,recusem
derrotar,,,,,,defeat,,,,,derrotando,derrotado,derroto,derrotas,derrota,derrotamos,derrotais,derrotam,derrotava,derrotavas,derrotava,derrotávamos,derrotáveis,derrotavam,derrotei,derrotaste,derrotou,derrotámos,derrotastes,derrotaram,derrotarei,derrotarás,derrotará,derrotaremos,derrotareis,derrotarão,derrotaria,derrotarias,derrotaria,derrotaríamos,derrotaríeis,derrotariam,derrota,derrote,derrotemos,derrotai,derrotem,derrotes,derrote,derrotemos,derroteis,derrotem
anunciar,,,,,,announce,,,,,anunciando,anunciado,anuncio,anuncias,anuncia,anunciamos,anunciais,anunciam,anunciava,anunciavas,anunciava,anunciávamos,anunciáveis,anunciavam,anunciei,anunciaste,anunciou,anunciámos,anunciastes,anunciaram,anunciarei,anunciarás,anunciará,anunciaremos,anunciareis,anunciarão,anunciaria,anunciarias,anunciaria,anunciaríamos,anunciaríeis,anunciariam,anuncia,anuncie,anunciemos,anunciai,anunciem,anuncies,anuncie,anunciemos,anuncieis,anunciem
tratar,handle,from-eng,,,,treat,,,,,tratando,tratado,trato,tratas,trata,tratamos,tratais,tratam,tratava,tratavas,tratava,tratávamos,tratáveis,tratavam,tratei,trataste,tratou,tratámos,tratastes,trataram,tratarei,tratarás,tratará,trataremos,tratareis,tratarão,trataria,tratarias,trataria,trataríamos,trataríeis,tratariam,trata,trate,tratemos,tratai,tratem,trates,trate,tratemos,trateis,tratem
aumentar,,,,,,increase/raise,,,,,aumentando,aumentado,aumento,aumentas,aumenta,aumentamos,aumentais,aumentam,aumentava,aumentavas,aumentava,aumentávamos,aumentáveis,aumentavam,aumentei,aumentaste,aumentou,aumentámos,aumentastes,aumentaram,aumentarei,aumentarás,aumentará,aumentaremos,aumentareis,aumentarão,aumentaria,aumentarias,aumentaria,aumentaríamos,aumentaríeis,aumentariam,aumenta,aumente,aumentemos,aumentai,aumentem,aumentes,aumente,aumentemos,aumenteis,aumentem
iniciar,,,,,starting/beginning,start/begin,,,started/began,,iniciando,iniciado,inicio,inicias,inicia,iniciamos,iniciais,iniciam,iniciava,iniciavas,iniciava,iniciávamos,iniciáveis,iniciavam,iniciei,iniciaste,iniciou,iniciámos,iniciastes,iniciaram,iniciarei,iniciarás,iniciará,iniciaremos,iniciareis,iniciarão,iniciaria,iniciarias,iniciaria,iniciaríamos,iniciaríeis,iniciariam,inicia,inicie,iniciemos,iniciai,iniciem,inicies,inicie,iniciemos,inicieis,iniciem
pular,,,,,,jump,,,,,pulando,pulado,pulo,pulas,pula,pulamos,pulais,pulam,pulava,pulavas,pulava,pulávamos,puláveis,pulavam,pulei,pulaste,pulou,pulámos,pulastes,pularam,pularei,pularás,pulará,pularemos,pulareis,pularão,pularia,pularias,pularia,pularíamos,pularíeis,pulariam,pula,pule,pulemos,pulai,pulem,pules,pule,pulemos,puleis,pulem
levantar,,,,,,raise/lift,,,,,levantando,levantado,levanto,levantas,levanta,levantamos,levantais,levantam,levantava,levantavas,levantava,levantávamos,levantáveis,levantavam,levantei,levantaste,levantou,levantámos,levantastes,levantaram,levantarei,levantarás,levantará,levantaremos,levantareis,levantarão,levantaria,levantarias,levantaria,levantaríamos,levantaríeis,levantariam,levanta,levante,levantemos,levantai,levantem,levantes,levante,levantemos,levanteis,levantem
sustentar,,,,,,sustain/support,,,,,sustentando,sustentado,sustento,sustentas,sustenta,sustentamos,sustentais,sustentam,sustentava,sustentavas,sustentava,sustentávamos,sustentáveis,sustentavam,sustentei,sustentaste,sustentou,sustentámos,sustentastes,sustentaram,sustentarei,sustentarás,sustentará,sustentaremos,sustentareis,sustentarão,sustentaria,sustentarias,sustentaria,sustentaríamos,sustentaríeis,sustentariam,sustenta,sustente,sustentemos,sustentai,sustentem,sustentes,sustente,sustentemos,sustenteis,sustentem
odiar,,,,,,hate,,,,,odiando,odiado,odeio,odeias,odeia,odiamos,odiais,odeiam,odiava,odiavas,odiava,odiávamos,odiáveis,odiavam,odiei,odiaste,odiou,odiámos,odiastes,odiaram,odiarei,odiarás,odiará,odiaremos,odiareis,odiarão,odiaria,odiarias,odiaria,odiaríamos,odiaríeis,odiariam,odeia,odeie,odiemos,odiai,odeiem,odeies,odeie,odiemos,odieis,odeiem
merecer,,,,,,deserve,,,,,merecendo,merecido,mereço,mereces,merece,merecemos,mereceis,merecem,merecia,merecias,merecia,merecíamos,merecíeis,mereciam,mereci,mereceste,mereceu,merecemos,merecestes,mereceram,merecerei,merecerás,merecerá,mereceremos,merecereis,merecerão,mereceria,merecerias,mereceria,mereceríamos,mereceríeis,mereceriam,merece,mereça,mereçamos,merecei,mereçam,mereças,mereça,mereçamos,mereçais,mereçam
atuar,,,,,,act,,,,,atuando,atuado,atuo,atuas,atua,atuamos,atuais,atuam,atuava,atuavas,atuava,atuávamos,atuáveis,atuavam,atuei,atuaste,atuou,atuámos,atuastes,atuaram,atuarei,atuarás,atuará,atuaremos,atuareis,atuarão,atuaria,atuarias,atuaria,atuaríamos,atuaríeis,atuariam,atua,atue,atuemos,atuai,atuem,atues,atue,atuemos,atueis,atuem
gastar,,,,,,spend,,,spent,,gastando,gastado,gasto,gastas,gasta,gastamos,gastais,gastam,gastava,gastavas,gastava,gastávamos,gastáveis,gastavam,gastei,gastaste,gastou,gastámos,gastastes,gastaram,gastarei,gastarás,gastará,gastaremos,gastareis,gastarão,gastaria,gastarias,gastaria,gastaríamos,gastaríeis,gastariam,gasta,gaste,gastemos,gastai,gastem,gastes,gaste,gastemos,gasteis,gastem
cruzar,,,1,,crossing/spanning,cross/span,,,crossed/spanned,,cruzando,cruzado,cruzo,cruzas,cruza,cruzamos,cruzais,cruzam,cruzava,cruzavas,cruzava,cruzávamos,cruzáveis,cruzavam,cruzei,cruzaste,cruzou,cruzámos,cruzastes,cruzaram,cruzarei,cruzarás,cruzará,cruzaremos,cruzareis,cruzarão,cruzaria,cruzarias,cruzaria,cruzaríamos,cruzaríeis,cruzariam,cruza,cruze,cruzemos,cruzai,cruzem,cruzes,cruze,cruzemos,cruzeis,cruzem
descansar,,,,,,rest,,,,,descansando,descansado,descanso,descansas,descansa,descansamos,descansais,descansam,descansava,descansavas,descansava,descansávamos,descansáveis,descansavam,descansei,descansaste,descansou,descansámos,descansastes,descansaram,descansarei,descansarás,descansará,descansaremos,descansareis,descansarão,descansaria,descansarias,descansaria,descansaríamos,descansaríeis,descansariam,descansa,descanse,descansemos,descansai,descansem,descanses,descanse,descansemos,descanseis,descansem
pertencer,,,,,,belong,,,,,pertencendo,pertencido,pertenço,pertences,pertence,pertencemos,pertenceis,pertencem,pertencia,pertencias,pertencia,pertencíamos,pertencíeis,pertenciam,pertenci,pertenceste,pertenceu,pertencemos,pertencestes,pertenceram,pertencerei,pertencerás,pertencerá,pertenceremos,pertencereis,pertencerão,pertenceria,pertencerias,pertenceria,pertenceríamos,pertenceríeis,pertenceriam,pertence,pertença,pertençamos,pertencei,pertençam,pertenças,pertença,pertençamos,pertençais,pertençam
custar,,,,,,cost,,,,,custando,custado,custo,custas,custa,custamos,custais,custam,custava,custavas,custava,custávamos,custáveis,custavam,custei,custaste,custou,custámos,custastes,custaram,custarei,custarás,custará,custaremos,custareis,custarão,custaria,custarias,custaria,custaríamos,custaríeis,custariam,custa,custe,custemos,custai,custem,custes,custe,custemos,custeis,custem
fumar,,,,,,smoke,,,,,fumando,fumado,fumo,fumas,fuma,fumamos,fumais,fumam,fumava,fumavas,fumava,fumávamos,fumáveis,fumavam,fumei,fumaste,fumou,fumámos,fumastes,fumaram,fumarei,fumarás,fumará,fumaremos,fumareis,fumarão,fumaria,fumarias,fumaria,fumaríamos,fumaríeis,fumariam,fuma,fume,fumemos,fumai,fumem,fumes,fume,fumemos,fumeis,fumem
explorar,,,,,,explore/exploit,,,,,explorando,explorado,exploro,exploras,explora,exploramos,explorais,exploram,explorava,exploravas,explorava,explorávamos,exploráveis,exploravam,explorei,exploraste,explorou,explorámos,explorastes,exploraram,explorarei,explorarás,explorará,exploraremos,explorareis,explorarão,exploraria,explorarias,exploraria,exploraríamos,exploraríeis,explorariam,explora,explore,exploremos,explorai,explorem,explores,explore,exploremos,exploreis,explorem
praticar,,,,,,practice,,,,,praticando,praticado,pratico,praticas,pratica,praticamos,praticais,praticam,praticava,praticavas,praticava,praticávamos,praticáveis,praticavam,pratiquei,praticaste,praticou,praticámos,praticastes,praticaram,praticarei,praticarás,praticará,praticaremos,praticareis,praticarão,praticaria,praticarias,praticaria,praticaríamos,praticaríeis,praticariam,pratica,pratique,pratiquemos,praticai,pratiquem,pratiques,pratique,pratiquemos,pratiqueis,pratiquem
sorrir,,,,,,smile,,,,,sorrindo,sorrido,sorrio,sorris,sorri,sorrimos,sorrides,sorriem,sorria,sorrias,sorria,sorríamos,sorríeis,sorriam,sorri,sorriste,sorriu,sorrimos,sorristes,sorriram,sorrirei,sorrirás,sorrirá,sorriremos,sorrireis,sorrirão,sorriria,sorririas,sorriria,sorriríamos,sorriríeis,sorririam,sorri,sorria,sorriamos,sorride,sorriam,sorrias,sorria,sorriamos,sorriais,sorriam
desenhar,,,,,,draw/design,,,drew/designed,,desenhando,desenhado,desenho,desenhas,desenha,desenhamos,desenhais,desenham,desenhava,desenhavas,desenhava,desenhávamos,desenháveis,desenhavam,desenhei,desenhaste,desenhou,desenhámos,desenhastes,desenharam,desenharei,desenharás,desenhará,desenharemos,desenhareis,desenharão,desenharia,desenharias,desenharia,desenharíamos,desenharíeis,desenhariam,desenha,desenhe,desenhemos,desenhai,desenhem,desenhes,desenhe,desenhemos,desenheis,desenhem
consertar,,,,,,fix/repair,fixes/repairs,,,,consertando,consertado,conserto,consertas,conserta,consertamos,consertais,consertam,consertava,consertavas,consertava,consertávamos,consertáveis,consertavam,consertei,consertaste,consertou,consertámos,consertastes,consertaram,consertarei,consertarás,consertará,consertaremos,consertareis,consertarão,consertaria,consertarias,consertaria,consertaríamos,consertaríeis,consertariam,conserta,conserte,consertemos,consertai,consertem,consertes,conserte,consertemos,conserteis,consertem
empurrar,,,,,,push,pushes,,,,empurrando,empurrado,empurro,empurras,empurra,empurramos,empurrais,empurram,empurrava,empurravas,empurrava,empurrávamos,empurráveis,empurravam,empurrei,empurraste,empurrou,empurrámos,empurrastes,empurraram,empurrarei,empurrarás,empurrará,empurraremos,empurrareis,empurrarão,empurraria,empurrarias,empurraria,empurraríamos,empurraríeis,empurrariam,empurra,empurre,empurremos,empurrai,empurrem,empurres,empurre,empurremos,empurreis,empurrem
descrever,,,,,,describe,,,,,descrevendo,descrito,descrevo,descreves,descreve,descrevemos,descreveis,descrevem,descrevia,descrevias,descrevia,descrevíamos,descrevíeis,descreviam,descrevi,descreveste,descreveu,descrevemos,descrevestes,descreveram,descreverei,descreverás,descreverá,descreveremos,descrevereis,descreverão,descreveria,descreverias,descreveria,descreveríamos,descreveríeis,descreveriam,descreve,descreva,descrevamos,descrevei,descrevam,descrevas,descreva,descrevamos,descrevais,descrevam
reservar,,,,,,reserve,,,,,reservando,reservado,reservo,reservas,reserva,reservamos,reservais,reservam,reservava,reservavas,reservava,reservávamos,reserváveis,reservavam,reservei,reservaste,reservou,reservámos,reservastes,reservaram,reservarei,reservarás,reservará,reservaremos,reservareis,reservarão,reservaria,reservarias,reservaria,reservaríamos,reservaríeis,reservariam,reserva,reserve,reservemos,reservai,reservem,reserves,reserve,reservemos,reserveis,reservem
poupar,,,,,,save,,,,,poupando,poupado,poupo,poupas,poupa,poupamos,poupais,poupam,poupava,poupavas,poupava,poupávamos,poupáveis,poupavam,poupei,poupaste,poupou,poupámos,poupastes,pouparam,pouparei,pouparás,poupará,pouparemos,poupareis,pouparão,pouparia,pouparias,pouparia,pouparíamos,pouparíeis,poupariam,poupa,poupe,poupemos,poupai,poupem,poupes,poupe,poupemos,poupeis,poupem
introduzir,,,,,,introduce,,,,,introduzindo,introduzido,introduzo,introduzes,introduz,introduzimos,introduzis,introduzem,introduzia,introduzias,introduzia,introduzíamos,introduzíeis,introduziam,introduzi,introduziste,introduziu,introduzimos,introduzistes,introduziram,introduzirei,introduzirás,introduzirá,introduziremos,introduzireis,introduzirão,introduziria,introduzirias,introduziria,introduziríamos,introduziríeis,introduziriam,introduze,introduza,introduzamos,introduzi,introduzam,introduzas,introduza,introduzamos,introduzais,introduzam
estacionar,,,,,,park,,,,,estacionando,estacionado,estaciono,estacionas,estaciona,estacionamos,estacionais,estacionam,estacionava,estacionavas,estacionava,estacionávamos,estacionáveis,estacionavam,estacionei,estacionaste,estacionou,estacionámos,estacionastes,estacionaram,estacionarei,estacionarás,estacionará,estacionaremos,estacionareis,estacionarão,estacionaria,estacionarias,estacionaria,estacionaríamos,estacionaríeis,estacionariam,estaciona,estacione,estacionemos,estacionai,estacionem,estaciones,estacione,estacionemos,estacioneis,estacionem
acender,,,,,,light/ignite,,,,,acendendo,acendido/aceso,acendo,acendes,acende,acendemos,acendeis,acendem,acendia,acendias,acendia,acendíamos,acendíeis,acendiam,acendi,acendeste,acendeu,acendemos,acendestes,acenderam,acenderei,acenderás,acenderá,acenderemos,acendereis,acenderão,acenderia,acenderias,acenderia,acenderíamos,acenderíeis,acenderiam,acende,acenda,acendamos,acendei,acendam,acendas,acenda,acendamos,acendais,acendam
girar,,,,,turning/spinning/rotating,turn/spin/rotate,,,turned/spun/rotated,,girando,girado,giro,giras,gira,giramos,girais,giram,girava,giravas,girava,girávamos,giráveis,giravam,girei,giraste,girou,girámos,girastes,giraram,girarei,girarás,girará,giraremos,girareis,girarão,giraria,girarias,giraria,giraríamos,giraríeis,girariam,gira,gire,giremos,girai,girem,gires,gire,giremos,gireis,girem
soar,,,,,,sound,,,,,soando,soado,soo,soas,soa,soamos,soais,soam,soava,soavas,soava,soávamos,soáveis,soavam,soei,soaste,soou,soámos,soastes,soaram,soarei,soarás,soará,soaremos,soareis,soarão,soaria,soarias,soaria,soaríamos,soaríeis,soariam,soa,soe,soemos,soai,soem,soes,soe,soemos,soeis,soem
acampar,,,,,,camp,,,,camped,acampando,acampado,acampo,acampas,acampa,acampamos,acampais,acampam,acampava,acampavas,acampava,acampávamos,acampáveis,acampavam,acampei,acampaste,acampou,acampámos,acampastes,acamparam,acamparei,acamparás,acampará,acamparemos,acampareis,acamparão,acamparia,acamparias,acamparia,acamparíamos,acamparíeis,acampariam,acampa,acampe,acampemos,acampai,acampem,acampes,acampe,acampemos,acampeis,acampem
frear,,,,,braking/stopping,brake/stop,,,braked/stopped,,freando,freado,freio,freias,freia,freamos,freais,freiam,freava,freavas,freava,freávamos,freáveis,freavam,freei,freaste,freou,freámos,freastes,frearam,frearei,frearás,freará,frearemos,freareis,frearão,frearia,frearias,frearia,frearíamos,frearíeis,freariam,freia,freie,freemos,freai,freiem,freies,freie,freemos,freeis,freiem
secar,,,,,,dry,dries,,,,secando,secado,seco,secas,seca,secamos,secais,secam,secava,secavas,secava,secávamos,secáveis,secavam,sequei,secaste,secou,secámos,secastes,secaram,secarei,secarás,secará,secaremos,secareis,secarão,secaria,secarias,secaria,secaríamos,secaríeis,secariam,seca,seque,sequemos,secai,sequem,seques,seque,sequemos,sequeis,sequem
significar,,,1,,,signify/mean,signifies/means,,,,significando,significado,significo,significas,significa,significamos,significais,significam,significava,significavas,significava,significávamos,significáveis,significavam,signifiquei,significaste,significou,significámos,significastes,significaram,significarei,significarás,significará,significaremos,significareis,significarão,significaria,significarias,significaria,significaríamos,significaríeis,significariam,significa,signifique,signifiquemos,significai,signifiquem,signifiques,signifique,signifiquemos,signifiqueis,signifiquem
assar,,,,,,bake/roast,,,,,assando,assado,asso,assas,assa,assamos,assais,assam,assava,assavas,assava,assávamos,assáveis,assavam,assei,assaste,assou,assámos,assastes,assaram,assarei,assarás,assará,assaremos,assareis,assarão,assaria,assarias,assaria,assaríamos,assaríeis,assariam,assa,asse,assemos,assai,assem,asses,asse,assemos,asseis,assem
prometer,,,,,,promise,,,,,prometendo,prometido,prometo,prometes,promete,prometemos,prometeis,prometem,prometia,prometias,prometia,prometíamos,prometíeis,prometiam,prometi,prometeste,prometeu,prometemos,prometestes,prometeram,prometerei,prometerás,prometerá,prometeremos,prometereis,prometerão,prometeria,prometerias,prometeria,prometeríamos,prometeríeis,prometeriam,promete,prometa,prometamos,prometei,prometam,prometas,prometa,prometamos,prometais,prometam
passar,,,,,,pass/spend/give,,,passed/spent/gave,,passando,passado,passo,passas,passa,passamos,passais,passam,passava,passavas,passava,passávamos,passáveis,passavam,passei,passaste,passou,passámos,passastes,passaram,passarei,passarás,passará,passaremos,passareis,passarão,passaria,passarias,passaria,passaríamos,passaríeis,passariam,passa,passe,passemos,passai,passem,passes,passe,passemos,passeis,passem
piorar,,,,,making worse,worsen,,,made worse,,piorando,piorado,pioro,pioras,piora,pioramos,piorais,pioram,piorava,pioravas,piorava,piorávamos,pioráveis,pioravam,piorei,pioraste,piorou,piorámos,piorastes,pioraram,piorarei,piorarás,piorará,pioraremos,piorareis,piorarão,pioraria,piorarias,pioraria,pioraríamos,pioraríeis,piorariam,piora,piore,pioremos,piorai,piorem,piores,piore,pioremos,pioreis,piorem
aguentar,,,1,,,withstand/bear/abide/stand,,,withstood/beared/abided/stood,,aguentando,aguentado,aguento,aguentas,aguenta,aguentamos,aguentais,aguentam,aguentava,aguentavas,aguentava,aguentávamos,aguentáveis,aguentavam,aguentei,aguentaste,aguentou,aguentámos,aguentastes,aguentaram,aguentarei,aguentarás,aguentará,aguentaremos,aguentareis,aguentarão,aguentaria,aguentarias,aguentaria,aguentaríamos,aguentaríeis,aguentariam,aguenta,aguente,aguentemos,aguentai,aguentem,aguentes,aguente,aguentemos,aguenteis,aguentem
